ProductID,Product Name,SubCategoryID,Unit Price
1,"Atlantic Metals Mobile 2-Shelf Bookcases, Custom Colors",1,10
2,"Atlantic Metals Mobile 3-Shelf Bookcases, Custom Colors",1,20
3,"Atlantic Metals Mobile 4-Shelf Bookcases, Custom Colors",1,30
4,"Atlantic Metals Mobile 5-Shelf Bookcases, Custom Colors",1,40
5,Bestar Classic Bookcase,1,41
6,"Bush Andora Bookcase, Maple/Graphite Gray Finish",1,42
7,"Bush Birmingham Collection Bookcase, Dark Cherry",1,43
8,"Bush Cubix Collection Bookcases, Fully Assembled",1,44
9,"Bush Heritage Pine Collection 5-Shelf Bookcase, Albany Pine Finish, *Special Order",1,45
10,Bush Mission Pointe Library,1,46
11,"Bush Saratoga Collection 5-Shelf Bookcase, Hanover Cherry, *Special Order",1,47
12,Bush Somerset Collection Bookcase,1,48
13,"Bush Westfield Collection Bookcases, Dark Cherry Finish",1,49
14,"Bush Westfield Collection Bookcases, Dark Cherry Finish, Fully Assembled",1,50
15,"Bush Westfield Collection Bookcases, Fully Assembled",1,51
16,"Bush Westfield Collection Bookcases, Medium Cherry Finish",1,52
17,DMI Eclipse Executive Suite Bookcases,1,53
18,"Global Adaptabilites Bookcase, Cherry/Storm Gray Finish",1,54
19,Hon 4-Shelf Metal Bookcases,1,55
20,"Hon Metal Bookcases, Black",1,56
21,"Hon Metal Bookcases, Gray",1,57
22,"Hon Metal Bookcases, Putty",1,58
23,O'Sullivan 2-Door Barrister Bookcase in Odessa Pine,1,59
24,O'Sullivan 2-Shelf Heavy-Duty Bookcases,1,60
25,O'Sullivan 3-Shelf Heavy-Duty Bookcases,1,61
26,O'Sullivan 4-Shelf Bookcase in Odessa Pine,1,62
27,O'Sullivan 5-Shelf Heavy-Duty Bookcases,1,63
28,O'Sullivan Cherrywood Estates Traditional Barrister Bookcase,1,64
29,O'Sullivan Cherrywood Estates Traditional Bookcase,1,65
30,"O'Sullivan Elevations Bookcase, Cherry Finish",1,66
31,O'Sullivan Living Dimensions 2-Shelf Bookcases,1,67
32,O'Sullivan Living Dimensions 3-Shelf Bookcases,1,68
33,O'Sullivan Living Dimensions 5-Shelf Bookcases,1,69
34,O'Sullivan Manor Hill 2-Door Library in Brianna Oak,1,70
35,O'Sullivan Plantations 2-Door Library in Landvery Oak,1,71
36,"Riverside Palais Royal Lawyers Bookcase, Royale Cherry Finish",1,72
37,"Rush Hierlooms Collection 1"" Thick Stackable Bookcases",1,73
38,Rush Hierlooms Collection Rich Wood Bookcases,1,74
39,"Safco Value Mate Series Steel Bookcases, Baked Enamel Finish on Steel, Gray",1,75
40,"Safco Value Mate Steel Bookcase, Baked Enamel Finish on Steel, Black",1,76
41,Sauder Barrister Bookcases,1,77
42,"Sauder Camden County Barrister Bookcase, Planked Cherry Finish",1,78
43,"Sauder Camden County Collection Libraries, Planked Cherry Finish",1,79
44,Sauder Camden County Collection Library,1,80
45,Sauder Cornerstone Collection Library,1,81
46,"Sauder Facets Collection Library, Sky Alder Finish",1,82
47,"Sauder Forest Hills Library with Doors, Woodland Oak Finish",1,83
48,"Sauder Forest Hills Library, Woodland Oak Finish",1,84
49,Sauder Inglewood Library Bookcases,1,85
50,"Sauder Mission Library with Doors, Fruitwood Finish",1,86
51,Bevis Steel Folding Chairs,2,87
52,DMI Arturo Collection Mission-style Design Wood Chair,2,88
53,"Global Airflow Leather Mesh Back Chair, Black",2,89
54,"Global Armless Task Chair, Royal Blue",2,90
55,Global Chrome Stack Chair,2,91
56,Global Comet Stacking Arm Chair,2,92
57,Global Comet Stacking Armless Chair,2,93
58,Global Commerce Series High-Back Swivel/Tilt Chairs,2,94
59,Global Commerce Series Low-Back Swivel/Tilt Chairs,2,95
60,Global Deluxe High-Back Manager's Chair,2,96
61,Global Deluxe High-Back Office Chair in Storm,2,97
62,Global Deluxe Office Fabric Chairs,2,98
63,"Global Deluxe Stacking Chair, Gray",2,99
64,Global Deluxe Steno Chair,2,100
65,Global Enterprise Series Seating High-Back Swivel/Tilt Chairs,2,101
66,Global Enterprise Series Seating Low-Back Swivel/Tilt Chairs,2,102
67,Global Ergonomic Managers Chair,2,103
68,Global Executive Mid-Back Manager's Chair,2,104
69,"Global Fabric Manager's Chair, Dark Gray",2,105
70,"Global Geo Office Task Chair, Gray",2,106
71,Global Highback Leather Tilter in Burgundy,2,107
72,"Global High-Back Leather Tilter, Burgundy",2,108
73,Global Italian Leather Office Chair,2,109
74,"Global Leather & Oak Executive Chair, Burgundy",2,110
75,"Global Leather and Oak Executive Chair, Black",2,111
76,Global Leather Executive Chair,2,112
77,"Global Leather Highback Executive Chair with Pneumatic Height Adjustment, Black",2,113
78,"Global Leather Task Chair, Black",2,114
79,Global Low Back Tilter Chair,2,115
80,"Global Manager's Adjustable Task Chair, Storm",2,116
81,"Global Push Button Manager's Chair, Indigo",2,117
82,"Global Stack Chair with Arms, Black",2,118
83,"Global Stack Chair without Arms, Black",2,119
84,Global Super Steno Chair,2,120
85,"Global Task Chair, Black",2,121
86,Global Troy Executive Leather Low-Back Tilter,2,122
87,"Global Value Mid-Back Manager's Chair, Gray",2,123
88,"Global Value Steno Chair, Gray",2,124
89,"Global Wood Trimmed Manager's Task Chair, Khaki",2,125
90,GuestStacker Chair with Chrome Finish Legs,2,126
91,Harbour Creations 67200 Series Stacking Chairs,2,127
92,Harbour Creations Steel Folding Chair,2,128
93,High-Back Leather Manager's Chair,2,129
94,Hon 2090 “Pillow Soft” Series Mid Back Swivel/Tilt Chairs,2,130
95,Hon 4070 Series Pagoda Armless Upholstered Stacking Chairs,2,131
96,Hon 4070 Series Pagoda Round Back Stacking Chairs,2,132
97,Hon 4700 Series Mobuis Mid-Back Task Chairs with Adjustable Arms,2,133
98,HON 5400 Series Task Chairs for Big and Tall,2,134
99,Hon Comfortask Task/Swivel Chairs,2,135
100,Hon Deluxe Fabric Upholstered Stacking Chairs,2,136
101,"Hon Deluxe Fabric Upholstered Stacking Chairs, Rounded Back",2,137
102,"Hon Deluxe Fabric Upholstered Stacking Chairs, Squared Back",2,138
103,Hon Every-Day Chair Series Swivel Task Chairs,2,139
104,Hon Every-Day Series Multi-Task Chairs,2,140
105,Hon GuestStacker Chair,2,141
106,Hon Mobius Operator's Chair,2,142
107,Hon Multipurpose Stacking Arm Chairs,2,143
108,Hon Olson Stacker Chairs,2,144
109,Hon Olson Stacker Stools,2,145
110,Hon Pagoda Stacking Chairs,2,146
111,Hon Valutask Swivel Chairs,2,147
112,"Iceberg Nesting Folding Chair, 19w x 6d x 43h",2,148
113,"Leather Task Chair, Black",2,149
114,"Lifetime Advantage Folding Chairs, 4/Carton",2,150
115,"Metal Folding Chairs, Beige, 4/Carton",2,151
116,Novimex Fabric Task Chair,2,152
117,Novimex High-Tech Fabric Mesh Task Chair,2,153
118,Novimex Swivel Fabric Task Chair,2,154
119,Novimex Turbo Task Chair,2,155
120,Office Star - Contemporary Swivel Chair with Padded Adjustable Arms and Flex Back,2,156
121,Office Star - Contemporary Task Swivel Chair,2,157
122,"Office Star - Contemporary Task Swivel chair with 2-way adjustable arms, Plum",2,158
123,"Office Star - Contemporary Task Swivel chair with Loop Arms, Charcoal",2,159
124,Office Star - Ergonomic Mid Back Chair with 2-Way Adjustable Arms,2,160
125,Office Star - Ergonomically Designed Knee Chair,2,161
126,Office Star - Mesh Screen back chair with Vinyl seat,2,162
127,Office Star - Mid Back Dual function Ergonomic High Back Chair with 2-Way Adjustable Arms,2,163
128,Office Star - Professional Matrix Back Chair with 2-to-1 Synchro Tilt and Mesh Fabric Seat,2,164
129,Office Star - Task Chair with Contemporary Loop Arms,2,165
130,Office Star Flex Back Scooter Chair with Aluminum Finish Frame,2,166
131,Office Star Flex Back Scooter Chair with White Frame,2,167
132,"Padded Folding Chairs, Black, 4/Carton",2,168
133,SAFCO Arco Folding Chair,2,169
134,"Safco Chair Connectors, 6/Carton",2,170
135,Safco Contoured Stacking Chairs,2,171
136,SAFCO Folding Chair Trolley,2,172
137,SAFCO Optional Arm Kit for Workspace Cribbage Stacking Chair,2,173
138,"Situations Contoured Folding Chairs, 4/Set",2,174
139,12-1/2 Diameter Round Wall Clock,3,175
140,24-Hour Round Wall Clock,3,176
141,36X48 HARDFLOOR CHAIRMAT,3,177
142,3M Hangers With Command Adhesive,3,178
143,3M Polarizing Light Filter Sleeves,3,179
144,"3M Polarizing Task Lamp with Clamp Arm, Light Gray",3,180
145,"6"" Cubicle Wall Clock, Black",3,181
146,9-3/4 Diameter Round Wall Clock,3,182
147,Acrylic Self-Standing Desk Frames,3,183
148,"Advantus Employee of the Month Certificate Frame, 11 x 13-1/2",3,184
149,Advantus Panel Wall Acrylic Frame,3,185
150,Advantus Panel Wall Certificate Holder - 8.5x11,3,186
151,Aluminum Document Frame,3,187
152,Artistic Insta-Plaque,3,188
153,"Career Cubicle Clock, 8 1/4"", Black",3,189
154,"C-Line Cubicle Keepers Polyproplyene Holder w/Velcro Back, 8-1/2x11, 25/Bx",3,190
155,C-Line Cubicle Keepers Polyproplyene Holder With Velcro Backings,3,191
156,"C-Line Magnetic Cubicle Keepers, Clear Polypropylene",3,192
157,Coloredge Poster Frame,3,193
158,"Computer Room Manger, 14""",3,194
159,Contemporary Borderless Frame,3,195
160,Contemporary Wood/Metal Frame,3,196
161,"Contract Clock, 14"", Brown",3,197
162,"Dana Fluorescent Magnifying Lamp, White, 36""",3,198
163,Dana Halogen Swing-Arm Architect Lamp,3,199
164,Dana Swing-Arm Lamps,3,200
165,"DataProducts Ampli Magnifier Task Lamp, Black,",3,201
166,DAX Black Cherry Wood-Tone Poster Frame,3,202
167,"DAX Charcoal/Nickel-Tone Document Frame, 5 x 7",3,203
168,Dax Clear Box Frame,3,204
169,DAX Clear Channel Poster Frame,3,205
170,"DAX Contemporary Wood Frame with Silver Metal Mat, Desktop, 11 x 14 Size",3,206
171,"DAX Copper Panel Document Frame, 5 x 7 Size",3,207
172,DAX Cubicle Frames - 8x10,3,208
173,"DAX Cubicle Frames, 8-1/2 x 11",3,209
174,"DAX Executive Solid Wood Document Frame, Desktop or Hang, Mahogany, 5 x 7",3,210
175,"DAX Metal Frame, Desktop, Stepped-Edge",3,211
176,DAX Natural Wood-Tone Poster Frame,3,212
177,DAX Solid Wood Frames,3,213
178,"DAX Two-Tone Rosewood/Black Document Frame, Desktop, 5 x 7",3,214
179,DAX Two-Tone Silver Metal Document Frame,3,215
180,"DAX Value U-Channel Document Frames, Easel Back",3,216
181,DAX Wood Document Frame,3,217
182,DAX Wood Document Frame.,3,218
183,Deflect-o DuraMat Antistatic Studded Beveled Mat for Medium Pile Carpeting,3,219
184,"Deflect-o DuraMat Lighweight, Studded, Beveled Mat for Low Pile Carpeting",3,220
185,"Deflect-o EconoMat Nonstudded, No Bevel Mat",3,221
186,"Deflect-o EconoMat Studded, No Bevel Mat for Low Pile Carpeting",3,222
187,Deflect-o Glass Clear Studded Chair Mats,3,223
188,Deflect-O Glasstique Clear Desk Accessories,3,224
189,"Deflect-o RollaMat Studded, Beveled Mat for Medium Pile Carpeting",3,225
190,"Deflect-o SuperTray Unbreakable Stackable Tray, Letter, Black",3,226
191,Document Clip Frames,3,227
192,"Eldon ""L"" Workstation Diamond Chairmat",3,228
193,Eldon 100 Class Desk Accessories,3,229
194,Eldon 200 Class Desk Accessories,3,230
195,"Eldon 200 Class Desk Accessories, Black",3,231
196,"Eldon 200 Class Desk Accessories, Burgundy",3,232
197,"Eldon 200 Class Desk Accessories, Smoke",3,233
198,"Eldon 300 Class Desk Accessories, Black",3,234
199,"Eldon 400 Class Desk Accessories, Black Carbon",3,235
200,Eldon 500 Class Desk Accessories,3,236
201,Eldon Advantage Chair Mats for Low to Medium Pile Carpets,3,237
202,Eldon Advantage Foldable Chair Mats for Low Pile Carpets,3,238
203,Eldon Antistatic Chair Mats for Low to Medium Pile Carpets,3,239
204,Eldon Cleatmat Chair Mats for Medium Pile Carpets,3,240
205,Eldon Cleatmat Plus Chair Mats for High Pile Carpets,3,241
206,Eldon ClusterMat Chair Mat with Cordless Antistatic Protection,3,242
207,"Eldon Delta Triangular Chair Mat, 52"" x 58"", Clear",3,243
208,Eldon Econocleat Chair Mats for Low Pile Carpets,3,244
209,Eldon Executive Woodline II Cherry Finish Desk Accessories,3,245
210,"Eldon Executive Woodline II Desk Accessories, Mahogany",3,246
211,"Eldon Expressions Desk Accessory, Wood Pencil Holder, Oak",3,247
212,"Eldon Expressions Desk Accessory, Wood Photo Frame, Mahogany",3,248
213,Eldon Expressions Mahogany Wood Desk Collection,3,249
214,"Eldon Expressions Punched Metal & Wood Desk Accessories, Black & Cherry",3,250
215,"Eldon Expressions Punched Metal & Wood Desk Accessories, Pewter & Cherry",3,251
216,"Eldon Expressions Wood and Plastic Desk Accessories, Cherry Wood",3,252
217,"Eldon Expressions Wood and Plastic Desk Accessories, Oak",3,253
218,"Eldon Expressions Wood Desk Accessories, Oak",3,254
219,Eldon Image Series Black Desk Accessories,3,255
220,"Eldon Image Series Desk Accessories, Burgundy",3,256
221,"Eldon Imàge Series Desk Accessories, Clear",3,257
222,"Eldon Image Series Desk Accessories, Ebony",3,258
223,Eldon Pizzaz Desk Accessories,3,259
224,Eldon Radial Chair Mat for Low to Medium Pile Carpets,3,260
225,"Eldon Regeneration Recycled Desk Accessories, Black",3,261
226,"Eldon Regeneration Recycled Desk Accessories, Smoke",3,262
227,"Eldon Stackable Tray, Side-Load, Legal, Smoke",3,263
228,Eldon Wave Desk Accessories,3,264
229,Electrix 20W Halogen Replacement Bulb for Zoom-In Desk Lamp,3,265
230,"Electrix Architect's Clamp-On Swing Arm Lamp, Black",3,266
231,Electrix Fluorescent Magnifier Lamps & Weighted Base,3,267
232,Electrix Halogen Magnifier Lamp,3,268
233,"Electrix Incandescent Magnifying Lamp, Black",3,269
234,"Executive Impressions 10"" Spectator Wall Clock",3,270
235,"Executive Impressions 12"" Wall Clock",3,271
236,"Executive Impressions 13"" Chairman Wall Clock",3,272
237,"Executive Impressions 13"" Clairmont Wall Clock",3,273
238,"Executive Impressions 13-1/2"" Indoor/Outdoor Wall Clock",3,274
239,"Executive Impressions 14""",3,275
240,"Executive Impressions 14"" Contract Wall Clock",3,276
241,"Executive Impressions 14"" Contract Wall Clock with Quartz Movement",3,277
242,"Executive Impressions 14"" Two-Color Numerals Wall Clock",3,278
243,"Executive Impressions 16-1/2"" Circular Wall Clock",3,279
244,"Executive Impressions 8-1/2"" Career Panel/Partition Cubicle Clock",3,280
245,Executive Impressions Supervisor Wall Clock,3,281
246,Flat Face Poster Frame,3,282
247,"Floodlight Indoor Halogen Bulbs, 1 Bulb per Pack, 60 Watts",3,283
248,G.E. Halogen Desk Lamp Bulbs,3,284
249,G.E. Longer-Life Indoor Recessed Floodlight Bulbs,3,285
250,"GE 4 Foot Flourescent Tube, 40 Watt",3,286
251,"GE 48"" Fluorescent Tube, Cool White Energy Saver, 34 Watts, 30/Box",3,287
252,"GE General Purpose, Extra Long Life, Showcase & Floodlight Incandescent Bulbs",3,288
253,"GE General Use Halogen Bulbs, 100 Watts, 1 Bulb per Pack",3,289
254,Hand-Finished Solid Wood Document Frame,3,290
255,"Howard Miller 11-1/2"" Diameter Brentwood Wall Clock",3,291
256,"Howard Miller 11-1/2"" Diameter Grantwood Wall Clock",3,292
257,"Howard Miller 11-1/2"" Diameter Ridgewood Wall Clock",3,293
258,"Howard Miller 12"" Round Wall Clock",3,294
259,Howard Miller 12-3/4 Diameter Accuwave DS  Wall Clock,3,295
260,"Howard Miller 13"" Diameter Goldtone Round Wall Clock",3,296
261,"Howard Miller 13"" Diameter Pewter Finish Round Wall Clock",3,297
262,"Howard Miller 13-1/2"" Diameter Rosebrook Wall Clock",3,298
263,"Howard Miller 13-3/4"" Diameter Brushed Chrome Round Wall Clock",3,299
264,"Howard Miller 14-1/2"" Diameter Chrome Round Wall Clock",3,300
265,"Howard Miller 16"" Diameter Gallery Wall Clock",3,301
266,Howard Miller Distant Time Traveler Alarm Clock,3,302
267,"Linden 10"" Round Wall Clock, Black",3,303
268,"Linden 12"" Wall Clock With Oak Frame",3,304
269,Longer-Life Soft White Bulbs,3,305
270,Luxo Adjustable Task Clamp Lamp,3,306
271,Luxo Economy Swing Arm Lamp,3,307
272,Luxo Professional Combination Clamp-On Lamps,3,308
273,Luxo Professional Fluorescent Magnifier Lamp with Clamp-Mount Base,3,309
274,Luxo Professional Magnifying Clamp-On Fluorescent Lamps,3,310
275,Magna Visual Magnetic Picture Hangers,3,311
276,Magnifier Swing Arm Lamp,3,312
277,"Master Big Foot Doorstop, Beige",3,313
278,"Master Caster Door Stop, Brown",3,314
279,"Master Caster Door Stop, Gray",3,315
280,"Master Caster Door Stop, Large Brown",3,316
281,"Master Caster Door Stop, Large Neon Orange",3,317
282,"Master Giant Foot Doorstop, Safety Yellow",3,318
283,Nu-Dell Executive Frame,3,319
284,Nu-Dell EZ-Mount Plastic Wall Frames,3,320
285,Nu-Dell Float Frame 11 x 14 1/2,3,321
286,Nu-Dell Leatherette Frames,3,322
287,Nu-Dell Oak Frame,3,323
288,OIC Stacking Trays,3,324
289,Regeneration Desk Collection,3,325
290,"Rubbermaid ClusterMat Chairmats, Mat Size- 66"" x 60"", Lip 20"" x 11"" -90 Degree Angle",3,326
291,"Seth Thomas 12"" Clock w/ Goldtone Case",3,327
292,"Seth Thomas 13 1/2"" Wall Clock",3,328
293,"Seth Thomas 14"" Day/Date Wall Clock",3,329
294,"Seth Thomas 14"" Putty-Colored Wall Clock",3,330
295,"Seth Thomas 16"" Steel Case Clock",3,331
296,"Seth Thomas 8 1/2"" Cubicle Clock",3,332
297,Stackable Trays,3,333
298,"Stacking Tray, Side-Loading, Legal, Smoke",3,334
299,Stacking Trays by OIC,3,335
300,Staples,3,336
301,Telescoping Adjustable Floor Lamp,3,337
302,"Tenex ""The Solids"" Textured Chair Mats",3,338
303,"Tenex 46"" x 60"" Computer Anti-Static Chairmat, Rectangular Shaped",3,339
304,Tenex Antistatic Computer Chair Mats,3,340
305,Tenex B1-RE Series Chair Mats for Low Pile Carpets,3,341
306,"Tenex Carpeted, Granite-Look or Clear Contemporary Contour Shape Chair Mats",3,342
307,"Tenex Chairmat w/ Average Lip, 45"" x 53""",3,343
308,Tenex Chairmats For Use With Carpeted Floors,3,344
309,Tenex Chairmats For Use with Hard Floors,3,345
310,"Tenex Contemporary Contur Chairmats for Low and Medium Pile Carpet, Computer, 39"" x 49""",3,346
311,"Tenex Traditional Chairmats for Hard Floors, Average Lip, 36"" x 48""",3,347
312,"Tenex Traditional Chairmats for Medium Pile Carpet, Standard Lip, 36"" x 48""",3,348
313,"Tenex V2T-RE Standard Weight Series Chair Mat, 45"" x 53"", Lip 25"" x 12""",3,349
314,"Tensor ""Hersey Kiss"" Styled Floor Lamp",3,350
315,Tensor Brushed Steel Torchiere Floor Lamp,3,351
316,Tensor Computer Mounted Lamp,3,352
317,Tensor Track Tree Floor Lamp,3,353
318,Ultra Commercial Grade Dual Valve Door Closer,3,354
319,"Ultra Door Kickplate, 8""H x 34""W",3,355
320,Ultra Door Pull Handle,3,356
321,Ultra Door Push Plate,3,357
322,Westinghouse Clip-On Gooseneck Lamps,3,358
323,"Westinghouse Floor Lamp with Metal Mesh Shade, Black",3,359
324,"Westinghouse Mesh Shade Clip-On Gooseneck Lamp, Black",3,360
325,Anderson Hickey Conga Table Tops & Accessories,4,361
326,Balt Solid Wood Rectangular Table,4,362
327,Balt Solid Wood Round Tables,4,363
328,Balt Split Level Computer Training Table,4,364
329,"Barricks 18"" x 48"" Non-Folding Utility Table with Bottom Storage Shelf",4,365
330,"Barricks Non-Folding Utility Table with Steel Legs, Laminate Tops",4,366
331,Bevis 36 x 72 Conference Tables,4,367
332,Bevis 44 x 96 Conference Tables,4,368
333,Bevis Boat-Shaped Conference Table,4,369
334,"Bevis Oval Conference Table, Walnut",4,370
335,Bevis Rectangular Conference Tables,4,371
336,"Bevis Round Bullnose 29"" High Table Top",4,372
337,Bevis Round Conference Room Tables and Bases,4,373
338,Bevis Round Conference Table Top & Single Column Base,4,374
339,"Bevis Round Conference Table Top, X-Base",4,375
340,"Bevis Traditional Conference Table Top, Plinth Base",4,376
341,BoxOffice By Design Rectangular and Half-Moon Meeting Room Tables,4,377
342,BPI Conference Tables,4,378
343,Bretford “Just In Time” Height-Adjustable Multi-Task Work Tables,4,379
344,Bretford CR4500 Series Slim Rectangular Table,4,380
345,Bretford CR8500 Series Meeting Room Furniture,4,381
346,Bretford Rectangular Conference Table Tops,4,382
347,Bush Advantage Collection Racetrack Conference Table,4,383
348,Bush Advantage Collection Round Conference Table,4,384
349,"Bush Andora Conference Table, Maple/Graphite Gray Finish",4,385
350,"Bush Cubix Conference Tables, Fully Assembled",4,386
351,"Chromcraft 48"" x 96"" Racetrack Double Pedestal Table",4,387
352,"Chromcraft Bull-Nose Wood 48"" x 96"" Rectangular Conference Tables",4,388
353,Chromcraft Bull-Nose Wood Oval Conference Tables & Bases,4,389
354,"Chromcraft Bull-Nose Wood Round Conference Table Top, Wood Base",4,390
355,Chromcraft Rectangular Conference Tables,4,391
356,Chromcraft Round Conference Tables,4,392
357,Global Adaptabilities Conference Tables,4,393
358,Hon 2111 Invitation Series Corner Table,4,394
359,Hon 2111 Invitation Series Straight Table,4,395
360,"Hon 30"" x 60"" Table with Locking Drawer",4,396
361,Hon 4060 Series Tables,4,397
362,Hon 5100 Series Wood Tables,4,398
363,Hon 61000 Series Interactive Training Tables,4,399
364,Hon 94000 Series Round Tables,4,400
365,Hon Non-Folding Utility Tables,4,401
366,"Hon Practical Foundations 30 x 60 Training Table, Light Gray/Charcoal",4,402
367,Hon Racetrack Conference Tables,4,403
368,Hon Rectangular Conference Tables,4,404
369,"Iceberg OfficeWorks 42"" Round Tables",4,405
370,KI Adjustable-Height Table,4,406
371,KI Conference Tables,4,407
372,Laminate Occasional Tables,4,408
373,"Lesro Round Back Collection Coffee Table, End Table",4,409
374,"Lesro Sheffield Collection Coffee Table, End Table, Center Table, Corner Table",4,410
375,"Office Impressions End Table, 20-1/2""H x 24""W x 20""D",4,411
376,"Riverside Furniture Oval Coffee Table, Oval End Table, End Table with Drawer",4,412
377,Riverside Furniture Stanwyck Manor Table Series,4,413
378,Safco Drafting Table,4,414
379,"SAFCO PlanMaster Boards, 60w x 37-1/2d, White Melamine",4,415
380,"SAFCO PlanMaster Heigh-Adjustable Drafting Table Base, 43w x 30d x 30-37h, Black",4,416
381,"1.7 Cubic Foot Compact ""Cube"" Office Refrigerators",5,417
382,3.6 Cubic Foot Counter Height Office Refrigerator,5,418
383,3M Office Air Cleaner,5,419
384,3M Replacement Filter for Office Air Cleaner for 20' x 33' Room,5,420
385,Acco 6 Outlet Guardian Basic Surge Suppressor,5,421
386,Acco 6 Outlet Guardian Premium Plus Surge Suppressor,5,422
387,Acco 6 Outlet Guardian Premium Surge Suppressor,5,423
388,Acco 6 Outlet Guardian Standard Surge Suppressor,5,424
389,"Acco 7-Outlet Masterpiece Power Center, Wihtout Fax/Phone Line Protection",5,425
390,"Acco Six-Outlet Power Strip, 4' Cord Length",5,426
391,Acco Smartsocket Color-Coded Six-Outlet AC Adapter Model Surge Protectors,5,427
392,"Acco Smartsocket Table Surge Protector, 6 Color-Coded Adapter Outlets",5,428
393,APC 7 Outlet Network SurgeArrest Surge Protector,5,429
394,Avanti 1.7 Cu. Ft. Refrigerator,5,430
395,Avanti 4.4 Cu. Ft. Refrigerator,5,431
396,"Belkin 325VA UPS Surge Protector, 6'",5,432
397,Belkin 5 Outlet SurgeMaster Power Centers,5,433
398,Belkin 6 Outlet Metallic Surge Strip,5,434
399,Belkin 7 Outlet SurgeMaster II,5,435
400,Belkin 7 Outlet SurgeMaster Surge Protector with Phone Protection,5,436
401,Belkin 7-Outlet SurgeMaster Home Series,5,437
402,Belkin 8 Outlet Surge Protector,5,438
403,Belkin 8 Outlet SurgeMaster II Gold Surge Protector,5,439
404,Belkin 8 Outlet SurgeMaster II Gold Surge Protector with Phone Protection,5,440
405,Belkin 8-Outlet Premiere SurgeMaster II Surge Protectors,5,441
406,Belkin F5C206VTEL 6 Outlet Surge,5,442
407,Belkin F9G930V10-GRY 9 Outlet Surge,5,443
408,Belkin F9H710-06 7 Outlet SurgeMaster Surge Protector,5,444
409,Belkin F9M820V08 8 Outlet Surge,5,445
410,Belkin F9S820V06 8 Outlet Surge,5,446
411,Belkin Premiere Surge Master II 8-outlet surge protector,5,447
412,Bionaire 99.97% HEPA Air Cleaner,5,448
413,Bionaire Personal Warm Mist Humidifier/Vaporizer,5,449
414,Black & Decker Filter for Double Action Dustbuster Cordless Vac BLDV7210,5,450
415,"Bravo II Megaboss 12-Amp Hard Body Upright, Replacement Belts, 2 Belts per Pack",5,451
416,"Commercial WindTunnel Clean Air Upright Vacuum, Replacement Belts, Filtration Bags",5,452
417,"Conquest 14 Commercial Heavy-Duty Upright Vacuum, Collection System, Accessory Kit",5,453
418,Disposable Triple-Filter Dust Bags,5,454
419,Eureka Disposable Bags for Sanitaire Vibra Groomer I Upright Vac,5,455
420,"Eureka Hand Vacuum, Bagless",5,456
421,Eureka Sanitaire  Commercial Upright,5,457
422,"Eureka Sanitaire  Multi-Pro Heavy-Duty Upright, Disposable Bags",5,458
423,Eureka The Boss Cordless Rechargeable Stick Vac,5,459
424,"Eureka The Boss Lite 10-Amp Upright Vacuum, Blue",5,460
425,"Eureka The Boss Plus 12-Amp Hard Box Upright Vacuum, Red",5,461
426,Euro Pro Shark Stick Mini Vacuum,5,462
427,Euro-Pro Shark Turbo Vacuum,5,463
428,Fellowes 8 Outlet Superior Workstation Surge Protector,5,464
429,Fellowes 8 Outlet Superior Workstation Surge Protector w/o Phone/Fax/Modem Protection,5,465
430,Fellowes Advanced 8 Outlet Surge Suppressor with Phone/Fax Protection,5,466
431,Fellowes Advanced Computer Series Surge Protectors,5,467
432,Fellowes Basic Home/Office Series Surge Protectors,5,468
433,Fellowes Command Center 5-outlet power strip,5,469
434,Fellowes Mighty 8 Compact Surge Protector,5,470
435,"Fellowes Premier Superior Surge Suppressor, 10-Outlet, With Phone and Remote",5,471
436,"Fellowes Smart Surge Ten-Outlet Protector, Platinum",5,472
437,Fellowes Superior 10 Outlet Split Surge Protector,5,473
438,Harmony Air Purifier,5,474
439,Harmony HEPA Quiet Air Purifiers,5,475
440,Holmes 99% HEPA Air Purifier,5,476
441,"Holmes Cool Mist Humidifier for the Whole House with 8-Gallon Output per Day, Extended Life Filter",5,477
442,Holmes Harmony HEPA Air Purifier for 17 x 20 Room,5,478
443,Holmes HEPA Air Purifier,5,479
444,Holmes Odor Grabber,5,480
445,"Holmes Replacement Filter for HEPA Air Cleaner, Large Room",5,481
446,"Holmes Replacement Filter for HEPA Air Cleaner, Medium Room",5,482
447,"Holmes Replacement Filter for HEPA Air Cleaner, Very Large Room, HEPA Filter",5,483
448,"Holmes Visible Mist Ultrasonic Humidifier with 2.3-Gallon Output per Day, Replacement Filter",5,484
449,Honeywell Enviracaire Portable Air Cleaner for up to 8 x 10 Room,5,485
450,Honeywell Enviracaire Portable HEPA Air Cleaner for 16' x 20' Room,5,486
451,Honeywell Enviracaire Portable HEPA Air Cleaner for 17' x 22' Room,5,487
452,Honeywell Enviracaire Portable HEPA Air Cleaner for up to 10 x 16 Room,5,488
453,Honeywell Quietcare HEPA Air Cleaner,5,489
454,Hoover Commercial Lightweight Upright Vacuum,5,490
455,Hoover Commercial Lightweight Upright Vacuum with E-Z Empty Dirt Cup,5,491
456,Hoover Commercial Soft Guard Upright Vacuum And Disposable Filtration Bags,5,492
457,Hoover Commercial SteamVac,5,493
458,Hoover Portapower Portable Vacuum,5,494
459,Hoover Replacement Belt for Commercial Guardsman Heavy-Duty Upright Vacuum,5,495
460,"Hoover Replacement Belts For Soft Guard & Commercial Ltweight Upright Vacs, 2/Pk",5,496
461,Hoover Shoulder Vac Commercial Portable Vacuum,5,497
462,Hoover Upright Vacuum With Dirt Cup,5,498
463,Hoover WindTunnel Plus Canister Vacuum,5,499
464,Kensington 4 Outlet MasterPiece Compact Power Control Center,5,500
465,Kensington 6 Outlet Guardian Standard Surge Protector,5,501
466,Kensington 6 Outlet MasterPiece HOMEOFFICE Power Control Center,5,502
467,Kensington 6 Outlet SmartSocket Surge Protector,5,503
468,Kensington 7 Outlet MasterPiece HOMEOFFICE Power Control Center,5,504
469,Kensington 7 Outlet MasterPiece Power Center,5,505
470,Kensington 7 Outlet MasterPiece Power Center with Fax/Phone Line Protection,5,506
471,"Sanitaire Vibra Groomer IR Commercial Upright Vacuum, Replacement Belts",5,507
472,Sanyo 2.5 Cubic Foot Mid-Size Office Refrigerators,5,508
473,"Sanyo Counter Height Refrigerator with Crisper, 3.6 Cubic Foot, Stainless Steel/Black",5,509
474,Staples,5,510
475,Tripp Lite Isotel 6 Outlet Surge Protector with Fax/Modem Protection,5,511
476,Tripp Lite Isotel 8 Ultra 8 Outlet Metal Surge,5,512
477,Tripp Lite TLP810NET Broadband Surge for Modem/Fax,5,513
478,12 Colored Short Pencils,6,514
479,4009 Highlighters,6,515
480,4009 Highlighters by Sanford,6,516
481,50 Colored Long Pencils,6,517
482,American Pencil,6,518
483,Avery Fluorescent Highlighter Four-Color Set,6,519
484,"Avery Hi-Liter Comfort Grip Fluorescent Highlighter, Yellow Ink",6,520
485,"Avery Hi-Liter EverBold Pen Style Fluorescent Highlighters, 4/Pack",6,521
486,Avery Hi-Liter Fluorescent Desk Style Markers,6,522
487,"Avery Hi-Liter GlideStik Fluorescent Highlighter, Yellow Ink",6,523
488,Avery Hi-Liter Pen Style Six-Color Fluorescent Set,6,524
489,Avery Hi-Liter Smear-Safe Highlighters,6,525
490,Barrel Sharpener,6,526
491,Berol Giant Pencil Sharpener,6,527
492,BIC Brite Liner Grip Highlighters,6,528
493,"BIC Brite Liner Grip Highlighters, Assorted, 5/Pack",6,529
494,BIC Brite Liner Highlighters,6,530
495,"BIC Brite Liner Highlighters, Chisel Tip",6,531
496,BIC Liqua Brite Liner,6,532
497,"Binney & Smith Crayola Metallic Colored Pencils, 8-Color Set",6,533
498,"Binney & Smith Crayola Metallic Crayons, 16-Color Pack",6,534
499,"Binney & Smith inkTank Desk Highlighter, Chisel Tip, Yellow, 12/Box",6,535
500,"Binney & Smith inkTank Erasable Desk Highlighter, Chisel Tip, Yellow, 12/Box",6,536
501,"Binney & Smith inkTank Erasable Pocket Highlighter, Chisel Tip, Yellow",6,537
502,Blackstonian Pencils,6,538
503,Boston 1645 Deluxe Heavier-Duty Electric Pencil Sharpener,6,539
504,Boston 16701 Slimline Battery Pencil Sharpener,6,540
505,Boston 16750 Black Compact Battery Pencil Sharpener,6,541
506,Boston 16765 Mini Stand Up Battery Pencil Sharpener,6,542
507,Boston 16801 Nautilus Battery Pencil Sharpener,6,543
508,Boston 1730 StandUp Electric Pencil Sharpener,6,544
509,Boston 1799 Powerhouse Electric Pencil Sharpener,6,545
510,"Boston 1827 Commercial Additional Cutter, Drive Gear & Gear Rack for 1606",6,546
511,Boston 1900 Electric Pencil Sharpener,6,547
512,Boston 19500 Mighty Mite Electric Pencil Sharpener,6,548
513,"Boston Electric Pencil Sharpener, Model 1818, Charcoal Black",6,549
514,Boston Heavy-Duty Trimline Electric Pencil Sharpeners,6,550
515,Boston Home & Office Model 2000 Electric Pencil Sharpeners,6,551
516,Boston KS Multi-Size Manual Pencil Sharpener,6,552
517,"Boston Model 1800 Electric Pencil Sharpener, Gray",6,553
518,"BOSTON Model 1800 Electric Pencil Sharpeners, Putty/Woodgrain",6,554
519,"BOSTON Ranger #55 Pencil Sharpener, Black",6,555
520,"Boston School Pro Electric Pencil Sharpener, 1670",6,556
521,Bulldog Table or Wall-Mount Pencil Sharpener,6,557
522,Bulldog Vacuum Base Pencil Sharpener,6,558
523,Col-Erase Pencils with Erasers,6,559
524,Colorific Watercolor Pencils,6,560
525,"Crayola Anti Dust Chalk, 12/Pack",6,561
526,Crayola Colored Pencils,6,562
527,Deluxe Chalkboard Eraser Cleaner,6,563
528,Design Ebony Sketching Pencil,6,564
529,"Dixon My First Ticonderoga Pencil, #2",6,565
530,DIXON Oriole Pencils,6,566
531,"Dixon Prang Watercolor Pencils, 10-Color Set with Brush",6,567
532,Dixon Ticonderoga Core-Lock Colored Pencils,6,568
533,"Dixon Ticonderoga Core-Lock Colored Pencils, 48-Color Set",6,569
534,DIXON Ticonderoga Erasable Checking Pencils,6,570
535,"Dixon Ticonderoga Erasable Colored Pencil Set, 12-Color",6,571
536,"Dixon Ticonderoga Maple Cedar Pencil, #2",6,572
537,Dixon Ticonderoga Pencils,6,573
538,"Eberhard Faber 3 1/2"" Golf Pencils",6,574
539,Economy #2 Pencils,6,575
540,"Eldon Spacemaker Box, Quick-Snap Lid, Clear",6,576
541,Faber Castell Col-Erase Pencils,6,577
542,Fluorescent Highlighters by Dixon,6,578
543,"Hunt BOSTON Model 1606 High-Volume Electric Pencil Sharpener, Beige",6,579
544,Hunt Boston Vacuum Mount KS Pencil Sharpener,6,580
545,"Hunt BOSTON Vista Battery-Operated Pencil Sharpener, Black",6,581
546,"Hunt PowerHouse Electric Pencil Sharpener, Blue",6,582
547,Lumber Crayons,6,583
548,Manco Dry-Lighter Erasable Highlighter,6,584
549,Model L Table or Wall-Mount Pencil Sharpener,6,585
550,Newell 307,6,586
551,Newell 308,6,587
552,Newell 309,6,588
553,Newell 31,6,589
554,Newell 310,6,590
555,Newell 311,6,591
556,Newell 312,6,592
557,Newell 313,6,593
558,Newell 314,6,594
559,Newell 315,6,595
560,Newell 316,6,596
561,Newell 317,6,597
562,Newell 318,6,598
563,Newell 319,6,599
564,Newell 32,6,600
565,Newell 320,6,601
566,Newell 321,6,602
567,Newell 322,6,603
568,Newell 323,6,604
569,Newell 324,6,605
570,Newell 325,6,606
571,Newell 326,6,607
572,Newell 327,6,608
573,Newell 328,6,609
574,Newell 329,6,610
575,Newell 33,6,611
576,Newell 330,6,612
577,Newell 331,6,613
578,Newell 332,6,614
579,Newell 333,6,615
580,Newell 334,6,616
581,Newell 335,6,617
582,Newell 336,6,618
583,Newell 337,6,619
584,Newell 338,6,620
585,Newell 339,6,621
586,Newell 34,6,622
587,Newell 340,6,623
588,Newell 341,6,624
589,Newell 342,6,625
590,Newell 343,6,626
591,Newell 344,6,627
592,Newell 345,6,628
593,Newell 346,6,629
594,Newell 347,6,630
595,Newell 348,6,631
596,Newell 349,6,632
597,Newell 35,6,633
598,Newell 350,6,634
599,Newell 351,6,635
600,Newell Chalk Holder,6,636
601,Nontoxic Chalk,6,637
602,"OIC #2 Pencils, Medium Soft",6,638
603,Panasonic KP-150 Electric Pencil Sharpener,6,639
604,Panasonic KP-310 Heavy-Duty Electric Pencil Sharpener,6,640
605,Panasonic KP-350BK Electric Pencil Sharpener with Auto Stop,6,641
606,Panasonic KP-380BK Classic Electric Pencil Sharpener,6,642
607,Panasonic KP-4ABK Battery-Operated Pencil Sharpener,6,643
608,Peel-Off China Markers,6,644
609,Pencil and Crayon Sharpener,6,645
610,Prang Colored Pencils,6,646
611,Prang Drawing Pencil Set,6,647
612,Prang Dustless Chalk Sticks,6,648
613,"Premium Writing Pencils, Soft, #2 by Central Association for the Blind",6,649
614,Prismacolor Color Pencil Set,6,650
615,"Quartet Alpha White Chalk, 12/Pack",6,651
616,"Quartet Omega Colored Chalk, 12/Pack",6,652
617,Rogers Handheld Barrel Pencil Sharpener,6,653
618,Sanford 52201 APSCO Electric Pencil Sharpener,6,654
619,"Sanford Colorific Colored Pencils, 12/Box",6,655
620,"Sanford Colorific Eraseable Coloring Pencils, 12 Count",6,656
621,"Sanford Colorific Scented Colored Pencils, 12/Pack",6,657
622,"Sanford EarthWrite Recycled Pencils, Medium Soft, #2",6,658
623,Sanford Liquid Accent Highlighters,6,659
624,SANFORD Liquid Accent Tank-Style Highlighters,6,660
625,SANFORD Major Accent Highlighters,6,661
626,Sanford Pocket Accent Highlighters,6,662
627,"Sanford Prismacolor Professional Thick Lead Art Pencils, 36-Color Set",6,663
628,"Sanford Uni-Blazer View Highlighters, Chisel Tip, Yellow",6,664
629,Stanley Bostitch Contemporary Electric Pencil Sharpeners,6,665
630,Stanley Contemporary Battery Pencil Sharpeners,6,666
631,Staples,6,667
632,"Stride Job 150 Highlighters, Chisel Tip, Assorted Colors",6,668
633,Turquoise Lead Holder with Pocket Clip,6,669
634,Zebra Zazzle Fluorescent Highlighters,6,670
635,3M Organizer Strips,7,671
636,Acco 3-Hole Punch,7,672
637,"Acco Data Flex Cable Posts For Top & Bottom Load Binders, 6"" Capacity",7,673
638,Acco D-Ring Binder w/DublLock,7,674
639,Acco Economy Flexible Poly Round Ring Binder,7,675
640,Acco Expandable Hanging Binders,7,676
641,"Acco Flexible ACCOHIDE Square Ring Data Binder, Dark Blue, 11 1/2"" X 14"" 7/8""",7,677
642,"Acco Four Pocket Poly Ring Binder with Label Holder, Smoke, 1""",7,678
643,Acco Hanging Data Binders,7,679
644,"Acco Pressboard Covers with Storage Hooks, 14 7/8"" x 11"", Dark Blue",7,680
645,"Acco Pressboard Covers with Storage Hooks, 14 7/8"" x 11"", Executive Red",7,681
646,"Acco Pressboard Covers with Storage Hooks, 14 7/8"" x 11"", Light Blue",7,682
647,"Acco Pressboard Covers with Storage Hooks, 9 1/2"" x 11"", Executive Red",7,683
648,"Acco PRESSTEX Data Binder with Storage Hooks, Dark Blue, 14 7/8"" X 11""",7,684
649,"Acco PRESSTEX Data Binder with Storage Hooks, Dark Blue, 9 1/2"" X 11""",7,685
650,"Acco PRESSTEX Data Binder with Storage Hooks, Light Blue, 9 1/2"" X 11""",7,686
651,"Acco Recycled 2"" Capacity Laser Printer Hanging Data Binders",7,687
652,Acco Suede Grain Vinyl Round Ring Binder,7,688
653,Acco Translucent Poly Ring Binders,7,689
654,"ACCOHIDE 3-Ring Binder, Blue, 1""",7,690
655,ACCOHIDE Binder by Acco,7,691
656,Accohide Poly Flexible Ring Binders,7,692
657,Aluminum Screw Posts,7,693
658,"Angle-D Binders with Locking Rings, Label Holders",7,694
659,Angle-D Ring Binders,7,695
660,"Avery 3 1/2"" Diskette Storage Pages, 10/Pack",7,696
661,Avery Arch Ring Binders,7,697
662,Avery Binder Labels,7,698
663,Avery Binding System Hidden Tab Executive Style Index Sets,7,699
664,Avery Durable Binders,7,700
665,"Avery Durable Plastic 1"" Binders",7,701
666,Avery Durable Poly Binders,7,702
667,Avery Durable Slant Ring Binders,7,703
668,Avery Durable Slant Ring Binders With Label Holder,7,704
669,"Avery Durable Slant Ring Binders, No Labels",7,705
670,"Avery Flip-Chart Easel Binder, Black",7,706
671,"Avery Framed View Binder, EZD Ring (Locking), Navy, 1 1/2""",7,707
672,Avery Hanging File Binders,7,708
673,Avery Heavy-Duty EZD  Binder With Locking Rings,7,709
674,Avery Heavy-Duty EZD View Binder with Locking Rings,7,710
675,Avery Hidden Tab Dividers for Binding Systems,7,711
676,Avery Hole Reinforcements,7,712
677,Avery Legal 4-Ring Binder,7,713
678,Avery Metallic Poly Binders,7,714
679,Avery Non-Stick Binders,7,715
680,Avery Non-Stick Heavy Duty View Round Locking Ring Binders,7,716
681,Avery Poly Binder Pockets,7,717
682,Avery Premier Heavy-Duty Binder with Round Locking Rings,7,718
683,Avery Printable Repositionable Plastic Tabs,7,719
684,Avery Recycled Flexi-View Covers for Binding Systems,7,720
685,Avery Reinforcements for Hole-Punch Pages,7,721
686,Avery Round Ring Poly Binders,7,722
687,Avery Self-Adhesive Photo Pockets for Polaroid Photos,7,723
688,"Avery Trapezoid Extra Heavy Duty 4"" Binders",7,724
689,"Avery Trapezoid Ring Binder, 3"" Capacity, Black, 1040 sheets",7,725
690,"Avery Triangle Shaped Sheet Lifters, Black, 2/Pack",7,726
691,Binder Posts,7,727
692,Binding Machine Supplies,7,728
693,"Black Avery Memo-Size 3-Ring Binder, 5 1/2"" x 8 1/2""",7,729
694,Canvas Sectional Post Binders,7,730
695,Cardinal EasyOpen D-Ring Binders,7,731
696,Cardinal Holdit Business Card Pockets,7,732
697,Cardinal Hold-It CD Pocket,7,733
698,Cardinal Holdit Data Disk Pockets,7,734
699,"Cardinal HOLDit! Binder Insert Strips,Extra Strips",7,735
700,Cardinal Poly Pocket Divider Pockets for Ring Binders,7,736
701,"Cardinal Slant-D Ring Binder, Heavy Gauge Vinyl",7,737
702,Cardinal Slant-D Ring Binders,7,738
703,Catalog Binders with Expanding Posts,7,739
704,Clear Mylar Reinforcing Strips,7,740
705,"C-Line Peel & Stick Add-On Filing Pockets, 8-3/4 x 5-1/8, 10/Pack",7,741
706,Computer Printout Index Tabs,7,742
707,Deluxe Heavy-Duty Vinyl Round Ring Binder,7,743
708,Durable Pressboard Binders,7,744
709,DXL Angle-View Binders with Locking Rings by Samsill,7,745
710,"DXL Angle-View Binders with Locking Rings, Black",7,746
711,Economy Binders,7,747
712,Fellowes Binding Cases,7,748
713,Fellowes Black Plastic Comb Bindings,7,749
714,Fellowes PB200 Plastic Comb Binding Machine,7,750
715,Fellowes PB300 Plastic Comb Binding Machine,7,751
716,Fellowes PB500 Electric Punch Plastic Comb Binding Machine with Manual Bind,7,752
717,Fellowes Presentation Covers for Comb Binding Machines,7,753
718,"Fellowes Twister Kit, Gray/Clear, 3/pkg",7,754
719,Flexible Leather- Look Classic Collection Ring Binder,7,755
720,GBC Binding covers,7,756
721,"GBC Clear Cover, 8-1/2 x 11, unpunched, 25 covers per pack",7,757
722,GBC DocuBind 200 Manual Binding Machine,7,758
723,GBC DocuBind 300 Electric Binding Machine,7,759
724,GBC DocuBind P100 Manual Binding Machine,7,760
725,GBC DocuBind P400 Electric Binding System,7,761
726,GBC DocuBind P50 Personal Binding Machine,7,762
727,GBC DocuBind TL200 Manual Binding Machine,7,763
728,GBC DocuBind TL300 Electric Binding System,7,764
729,GBC Durable Plastic Covers,7,765
730,GBC Ibimaster 500 Manual ProClick Binding System,7,766
731,GBC Imprintable Covers,7,767
732,GBC Instant Index System for Binding Systems,7,768
733,GBC Instant Report Kit,7,769
734,"GBC Laser Imprintable Binding System Covers, Desert Sand",7,770
735,GBC Linen Binding Covers,7,771
736,GBC Personal VeloBind Strips,7,772
737,GBC Plastic Binding Combs,7,773
738,GBC Plasticlear Binding Covers,7,774
739,GBC Poly Designer Binding Covers,7,775
740,GBC Premium Transparent Covers with Diagonal Lined Pattern,7,776
741,"GBC Pre-Punched Binding Paper, Plastic, White, 8-1/2"" x 11""",7,777
742,"GBC Prepunched Paper, 19-Hole, for Binding Systems, 24-lb",7,778
743,GBC Prestige Therm-A-Bind Covers,7,779
744,GBC ProClick 150 Presentation Binding System,7,780
745,GBC ProClick Punch Binding System,7,781
746,GBC ProClick Spines for 32-Hole Punch,7,782
747,GBC Recycled Grain Textured Covers,7,783
748,GBC Recycled Regency Composition Covers,7,784
749,GBC Recycled VeloBinder Covers,7,785
750,GBC Standard Plastic Binding Systems Combs,7,786
751,GBC Standard Plastic Binding Systems' Combs,7,787
752,"GBC Standard Recycled Report Covers, Clear Plastic Sheets",7,788
753,GBC Standard Therm-A-Bind Covers,7,789
754,GBC Therma-A-Bind 250T Electric Binding System,7,790
755,GBC Twin Loop Wire Binding Elements,7,791
756,"GBC Twin Loop Wire Binding Elements, 9/16"" Spine, Black",7,792
757,GBC VeloBind Cover Sets,7,793
758,"GBC Velobind Prepunched Cover Sets, Regency Series",7,794
759,GBC VeloBinder Electric Binding Machine,7,795
760,GBC VeloBinder Manual Binding System,7,796
761,GBC VeloBinder Strips,7,797
762,"GBC White Gloss Covers, Plain Front",7,798
763,GBC Wire Binding Combs,7,799
764,GBC Wire Binding Strips,7,800
765,"Green Canvas Binder for 8-1/2"" x 14"" Sheets",7,801
766,Heavy-Duty E-Z-D Binders,7,802
767,Ibico Covers for Plastic or Wire Binding Elements,7,803
768,Ibico EB-19 Dual Function Manual Binding System,7,804
769,Ibico EPK-21 Electric Binding System,7,805
770,Ibico Hi-Tech Manual Binding System,7,806
771,Ibico Ibimaster 300 Manual Binding System,7,807
772,Ibico Laser Imprintable Binding System Covers,7,808
773,Ibico Plastic and Wire Spiral Binding Combs,7,809
774,Ibico Plastic Spiral Binding Combs,7,810
775,Ibico Presentation Index for Binding Systems,7,811
776,Ibico Recycled Grain-Textured Covers,7,812
777,Ibico Recycled Linen-Style Covers,7,813
778,Ibico Standard Transparent Covers,7,814
779,Insertable Tab Indexes For Data Binders,7,815
780,Insertable Tab Post Binder Dividers,7,816
781,JM Magazine Binder,7,817
782,Large Capacity Hanging Post Binders,7,818
783,Lock-Up Easel 'Spel-Binder',7,819
784,"Mead 1st Gear 2"" Zipper Binder, Asst. Colors",7,820
785,Newell 3-Hole Punched Plastic Slotted Magazine Holders for Binders,7,821
786,Peel & Stick Add-On Corner Pockets,7,822
787,"Performers Binder/Pad Holder, Black",7,823
788,Plastic Binding Combs,7,824
789,Poly Designer Cover & Back,7,825
790,"Premier Elliptical Ring Binder, Black",7,826
791,Premium Transparent Presentation Covers by GBC,7,827
792,"Premium Transparent Presentation Covers, No Pattern/Clear, 8 1/2"" x 11""",7,828
793,"Pressboard Covers with Storage Hooks, 9 1/2"" x 11"", Light Blue",7,829
794,"Pressboard Data Binder, Crimson, 12"" X 8 1/2""",7,830
795,Pressboard Data Binders by Wilson Jones,7,831
796,Pressboard Hanging Data Binders for Unburst Sheets,7,832
797,Presstex Flexible Ring Binders,7,833
798,Prestige Round Ring Binders,7,834
799,Recycled Easel Ring Binders,7,835
800,Recycled Premium Regency Composition Covers,7,836
801,Recycled Pressboard Report Cover with Reinforced Top Hinge,7,837
802,Round Ring Binders,7,838
803,Satellite Sectional Post Binders,7,839
804,Self-Adhesive Ring Binder Labels,7,840
805,"SlimView Poly Binder, 3/8""",7,841
806,SpineVue Locking Slant-D Ring Binders by Cardinal,7,842
807,"Square Ring Data Binders, Rigid 75 Pt. Covers, 11"" x 14-7/8""",7,843
808,Staples,7,844
809,Storex Dura Pro Binders,7,845
810,Storex DuraTech Recycled Plastic Frosted Binders,7,846
811,Storex Flexible Poly Binders with Double Pockets,7,847
812,Surelock Post Binders,7,848
813,Trimflex Flexible Post Binders,7,849
814,Tuff Stuff Recycled Round Ring Binders,7,850
815,Tuf-Vin Binders,7,851
816,UniKeep View Case Binders,7,852
817,"Universal Recycled Hanging Pressboard Report Binders, Letter Size",7,853
818,VariCap6 Expandable Binder,7,854
819,Vinyl Sectional Post Binders,7,855
820,Wilson Jones “Snap” Scratch Pad Binder Tool for Ring Binders,7,856
821,"Wilson Jones 1"" Hanging DublLock Ring Binders",7,857
822,Wilson Jones 14 Line Acrylic Coated Pressboard Data Binders,7,858
823,Wilson Jones Active Use Binders,7,859
824,Wilson Jones Century Plastic Molded Ring Binders,7,860
825,"Wilson Jones Clip & Carry Folder Binder Tool for Ring Binders, Clear",7,861
826,Wilson Jones Custom Binder Spines & Labels,7,862
827,Wilson Jones data.warehouse D-Ring Binders with DublLock,7,863
828,Wilson Jones DublLock D-Ring Binders,7,864
829,Wilson Jones Easy Flow II Sheet Lifters,7,865
830,"Wilson Jones Elliptical Ring 3 1/2"" Capacity Binders, 800 sheets",7,866
831,Wilson Jones Four-Pocket Poly Binders,7,867
832,Wilson Jones Hanging Recycled Pressboard Data Binders,7,868
833,"Wilson Jones Hanging View Binder, White, 1""",7,869
834,Wilson Jones Heavy-Duty Casebound Ring Binders with Metal Hinges,7,870
835,Wilson Jones Impact Binders,7,871
836,Wilson Jones International Size A4 Ring Binders,7,872
837,Wilson Jones Leather-Like Binders with DublLock Round Rings,7,873
838,"Wilson Jones Ledger-Size, Piano-Hinge Binder, 2"", Blue",7,874
839,Wilson Jones Legal Size Ring Binders,7,875
840,Wilson Jones Standard D-Ring Binders,7,876
841,Wilson Jones Suede Grain Vinyl Binders,7,877
842,Wilson Jones Turn Tabs Binder Tool for Ring Binders,7,878
843,"XtraLife ClearVue Slant-D Ring Binder, White, 3""",7,879
844,XtraLife ClearVue Slant-D Ring Binders by Cardinal,7,880
845,Zipper Ring Binder Pockets,7,881
846,"#10- 4 1/8"" x 9 1/2"" Recycled Envelopes",8,882
847,"#10- 4 1/8"" x 9 1/2"" Security-Tint Envelopes",8,883
848,"#10 Gummed Flap White Envelopes, 100/Box",8,884
849,#10 Self-Seal White Envelopes,8,885
850,"#10 White Business Envelopes,4 1/8 x 9 1/2",8,886
851,"#10-4 1/8"" x 9 1/2"" Premium Diagonal Seam Envelopes",8,887
852,#6 3/4 Gummed Flap White Envelopes,8,888
853,Airmail Envelopes,8,889
854,Ames Color-File Green Diamond Border X-ray Mailers,8,890
855,Ampad #10 Peel & Seel Holiday Envelopes,8,891
856,"Blue String-Tie & Button Interoffice Envelopes, 10 x 13",8,892
857,Brown Kraft Recycled Envelopes,8,893
858,Cameo Buff Policy Envelopes,8,894
859,Colored Envelopes,8,895
860,Convenience Packs of Business Envelopes,8,896
861,Fashion Color Clasp Envelopes,8,897
862,Globe Weis Peel & Seel First Class Envelopes,8,898
863,Grip Seal Envelopes,8,899
864,"Inter-Office Recycled Envelopes, Brown Kraft, Button-String,10"" x 13"" , 100/Box",8,900
865,Jet-Pak Recycled Peel 'N' Seal Padded Mailers,8,901
866,Jiffy Padded Mailers with Self-Seal Closure,8,902
867,Laser & Ink Jet Business Envelopes,8,903
868,Letter or Legal Size Expandable Poly String Tie Envelopes,8,904
869,"Manila Recycled Extra-Heavyweight Clasp Envelopes, 6"" x 9""",8,905
870,Multimedia Mailers,8,906
871,Park Ridge Embossed Executive Business Envelopes,8,907
872,Pastel Pink Envelopes,8,908
873,Peel & Seel Envelopes,8,909
874,"Peel & Seel Recycled Catalog Envelopes, Brown",8,910
875,Poly String Tie Envelopes,8,911
876,Quality Park Security Envelopes,8,912
877,"Recycled Interoffice Envelopes with Re-Use-A-Seal Closure, 10 x 13",8,913
878,"Recycled Interoffice Envelopes with String and Button Closure, 10 x 13",8,914
879,"Redi-Strip #10 Envelopes, 4 1/8 x 9 1/2",8,915
880,Security-Tint Envelopes,8,916
881,Staples,8,917
882,"Strathmore #10 Envelopes, Ultimate White",8,918
883,"Tyvek  Top-Opening Peel & Seel  Envelopes, Gray",8,919
884,"Tyvek  Top-Opening Peel & Seel Envelopes, Plain White",8,920
885,"Tyvek Interoffice Envelopes, 9 1/2"" x 12 1/2"", 100/Box",8,921
886,Tyvek Side-Opening Peel & Seel Expanding Envelopes,8,922
887,Wausau Papers Astrobrights Colored Envelopes,8,923
888,"White Business Envelopes with Contemporary Seam, Recycled White Business Envelopes",8,924
889,"White Envelopes, White Envelopes with Clear Poly Window",8,925
890,"Acco Banker's Clasps, 5 3/4""-Long",9,926
891,"Acco Clips to Go Binder Clips, 24 Clips in Two Sizes",9,927
892,Acco Glide Clips,9,928
893,Acco Hot Clips Clips to Go,9,929
894,Advantus Map Pennant Flags and Round Head Tacks,9,930
895,Advantus Plastic Paper Clips,9,931
896,Advantus Push Pins,9,932
897,"Advantus Push Pins, Aluminum Head",9,933
898,Advantus SlideClip Paper Clips,9,934
899,Advantus T-Pin Paper Clips,9,935
900,"Alliance Big Bands Rubber Bands, 12/Pack",9,936
901,Alliance Rubber Bands,9,937
902,"Alliance Super-Size Bands, Assorted Sizes",9,938
903,Assorted Color Push Pins,9,939
904,Bagged Rubber Bands,9,940
905,Binder Clips by OIC,9,941
906,"Brites Rubber Bands, 1 1/2 oz. Box",9,942
907,Colored Push Pins,9,943
908,Ideal Clamps,9,944
909,OIC Binder Clips,9,945
910,"OIC Binder Clips, Mini, 1/4"" Capacity, Black",9,946
911,OIC Bulk Pack Metal Binder Clips,9,947
912,"OIC Colored Binder Clips, Assorted Sizes",9,948
913,OIC Thumb-Tacks,9,949
914,Plymouth Boxed Rubber Bands by Plymouth,9,950
915,Revere Boxed Rubber Bands by Revere,9,951
916,Rubber Band Ball,9,952
917,Staples,9,953
918,Sterling Rubber Bands by Alliance,9,954
919,Stockwell Gold Paper Clips,9,955
920,Stockwell Push Pins,9,956
921,"Super Bands, 12/Pack",9,957
922,Translucent Push Pins by OIC,9,958
923,"Vinyl Coated Wire Paper Clips in Organizer Box, 800/Box",9,959
924,Alphabetical Labels for Top Tab Filing,10,960
925,"Avery 05222 Permanent Self-Adhesive File Folder Labels for Typewriters, on Rolls, White, 250/Roll",10,961
926,"Avery 4027 File Folder Labels for Dot Matrix Printers, 5000 Labels per Box, White",10,962
927,Avery 473,10,963
928,Avery 474,10,964
929,Avery 475,10,965
930,Avery 476,10,966
931,Avery 477,10,967
932,Avery 478,10,968
933,Avery 479,10,969
934,Avery 48,10,970
935,Avery 480,10,971
936,Avery 481,10,972
937,Avery 482,10,973
938,Avery 483,10,974
939,Avery 484,10,975
940,Avery 485,10,976
941,Avery 486,10,977
942,Avery 487,10,978
943,Avery 488,10,979
944,Avery 489,10,980
945,Avery 49,10,981
946,Avery 490,10,982
947,Avery 491,10,983
948,Avery 492,10,984
949,Avery 493,10,985
950,Avery 494,10,986
951,Avery 495,10,987
952,Avery 496,10,988
953,Avery 497,10,989
954,Avery 498,10,990
955,Avery 499,10,991
956,Avery 5,10,992
957,Avery 50,10,993
958,Avery 500,10,994
959,Avery 501,10,995
960,Avery 502,10,996
961,Avery 503,10,997
962,Avery 505,10,998
963,Avery 506,10,999
964,Avery 507,10,1000
965,Avery 508,10,1001
966,Avery 509,10,1002
967,Avery 51,10,1003
968,Avery 510,10,1004
969,Avery 511,10,1005
970,Avery 512,10,1006
971,Avery 513,10,1007
972,Avery 514,10,1008
973,Avery 515,10,1009
974,Avery 516,10,1010
975,Avery 517,10,1011
976,Avery 518,10,1012
977,Avery 519,10,1013
978,Avery 52,10,1014
979,Avery 520,10,1015
980,"Avery Address/Shipping Labels for Typewriters, 4"" x 2""",10,1016
981,Avery File Folder Labels,10,1017
982,Avery White Multi-Purpose Labels,10,1018
983,Color-Coded Legal Exhibit Labels,10,1019
984,"Dot Matrix Printer Tape Reel Labels, White, 5000/Box",10,1020
985,Permanent Self-Adhesive File Folder Labels for Typewriters by Universal,10,1021
986,"Permanent Self-Adhesive File Folder Labels for Typewriters, 1 1/8 x 3 1/2, White",10,1022
987,Round Specialty Laser Printer Labels,10,1023
988,Self-Adhesive Address Labels for Typewriters by Universal,10,1024
989,Self-Adhesive Address Labels for Typewriters with Dispenser Box,10,1025
990,Self-Adhesive Removable Labels,10,1026
991,Smead Alpha-Z Color-Coded Name Labels First Letter Starter Set,10,1027
992,Smead Alpha-Z Color-Coded Second Alphabetical Labels and Starter Set,10,1028
993,Staples,10,1029
994,"""While you Were Out"" Message Book, One Form per Page",11,1030
995,"1/4 Fold Party Design Invitations & White Envelopes, 24 8-1/2"" X 11"" Cards, 25 Env./Pack",11,1031
996,14-7/8 x 11 Blue Bar Computer Printout Paper,11,1032
997,"Adams ""While You Were Out"" Message Pads",11,1033
998,"Adams Phone Message Book, 200 Message Capacity, 8 1/16” x 11”",11,1034
999,"Adams Phone Message Book, Professional, 400 Message Capacity, 5 3/6” x 11”",11,1035
1000,"Adams Telephone Message Book W/Dividers/Space For Phone Numbers, 5 1/4""X8 1/2"", 200/Messages",11,1036
1001,"Adams Telephone Message Book W/Dividers/Space For Phone Numbers, 5 1/4""X8 1/2"", 300/Messages",11,1037
1002,"Adams Telephone Message Book w/Frequently-Called Numbers Space, 400 Messages per Book",11,1038
1003,"Adams Telephone Message Books, 5 1/4” x 11”",11,1039
1004,"Adams Write n' Stick Phone Message Book, 11"" X 5 1/4"", 200 Messages",11,1040
1005,Advantus Motivational Note Cards,11,1041
1006,"Ampad Evidence Wirebond Steno Books, 6"" x 9""",11,1042
1007,"Ampad Gold Fibre Wirebound Steno Books, 6"" x 9"", Gregg Ruled",11,1043
1008,"Ampad Phone Message Book, Recycled, 400 Message Capacity, 5 ¾” x 11”",11,1044
1009,"Ampad Poly Cover Wirebound Steno Book, 6"" x 9"" Assorted Colors, Gregg Ruled",11,1045
1010,Array Memo Cubes,11,1046
1011,"Array Parchment Paper, Assorted Colors",11,1047
1012,Astroparche Fine Business Paper,11,1048
1013,Avery Personal Creations Heavyweight Cards,11,1049
1014,Avoid Verbal Orders Carbonless Minifold Book,11,1050
1015,"Black Print Carbonless 8 1/2"" x 8 1/4"" Rapid Memo Book",11,1051
1016,"Black Print Carbonless Snap-Off Rapid Letter, 8 1/2"" x 7""",11,1052
1017,Computer Printout Paper with Letter-Trim Fine Perforations,11,1053
1018,Computer Printout Paper with Letter-Trim Perforations,11,1054
1019,"Eaton Premium Continuous-Feed Paper, 25% Cotton, Letter Size, White, 1000 Shts/Box",11,1055
1020,EcoTones Memo Sheets,11,1056
1021,Embossed Ink Jet Note Cards,11,1057
1022,"Eureka Recycled Copy Paper 8 1/2"" x 11"", Ream",11,1058
1023,"Geographics Note Cards, Blank, White, 8 1/2"" x 11""",11,1059
1024,Great White Multi-Use Recycled Paper (20Lb. and 84 Bright),11,1060
1025,Green Bar Computer Printout Paper,11,1061
1026,Hammermill Color Copier Paper (28Lb. and 96 Bright),11,1062
1027,Hammermill CopyPlus Copy Paper (20Lb. and 84 Bright),11,1063
1028,HP Office Paper (20Lb. and 87 Bright),11,1064
1029,HP Office Recycled Paper (20Lb. and 87 Bright),11,1065
1030,"IBM Multi-Purpose Copy Paper, 8 1/2 x 11"", Case",11,1066
1031,"Important Message Pads, 50 4-1/4 x 5-1/2 Forms per Pad",11,1067
1032,"Ink Jet Note and Greeting Cards, 8-1/2"" x 5-1/2"" Card Size",11,1068
1033,"It's Hot Message Books with Stickers, 2 3/4"" x 5""",11,1069
1034,Loose Memo Sheets,11,1070
1035,"Memo Book, 100 Message Capacity, 5 3/8” x 11”",11,1071
1036,"Message Book, Phone, Wirebound Standard Line Memo, 2 3/4"" X 5""",11,1072
1037,"Message Book, Standard Line ""While You Were Out"", 5 1/2"" X 4"", 200 Sets/Book",11,1073
1038,"Message Book, Wirebound, Four 5 1/2"" X 4"" Forms/Pg., 200 Dupl. Sets/Book",11,1074
1039,Multicolor Computer Printout Paper,11,1075
1040,Personal Creations Ink Jet Cards and Labels,11,1076
1041,Petty Cash Envelope,11,1077
1042,"Post-it “Important Message” Note Pad, Neon Colors, 50 Sheets/Pad",11,1078
1043,"Recycled Desk Saver Line ""While You Were Out"" Book, 5 1/2"" X 4""",11,1079
1044,"REDIFORM Incoming/Outgoing Call Register, 11"" X 8 1/2"", 100 Messages",11,1080
1045,"Rediform S.O.S. 1-Up Phone Message Bk, 4-1/4x3-1/16 Bk, 1 Form/Pg, 40 Messages/Bk, 3/Pk",11,1081
1046,Rediform S.O.S. Phone Message Books,11,1082
1047,Rediform Voice Mail Log Books,11,1083
1048,"Rediform Wirebound ""Phone Memo"" Message Book, 11 x 5-3/4",11,1084
1049,Riverleaf Stik-Withit Designer Note Cubes,11,1085
1050,"RSVP Cards & Envelopes, Blank White, 8-1/2"" X 11"", 24 Cards/25 Envelopes/Set",11,1086
1051,"Snap-A-Way Black Print Carbonless Ruled Speed Letter, Triplicate",11,1087
1052,"Snap-A-Way Black Print Carbonless Speed Message, No Reply Area, Duplicate",11,1088
1053,Southworth 100% Cotton The Best Paper,11,1089
1054,"Southworth 100% Résumé Paper, 24lb.",11,1090
1055,Southworth 25% Cotton Antique Laid Paper & Envelopes,11,1091
1056,Southworth 25% Cotton Granite Paper & Envelopes,11,1092
1057,Southworth 25% Cotton Linen-Finish Paper & Envelopes,11,1093
1058,Southworth 25% Cotton Premium Laser Paper and Envelopes,11,1094
1059,Southworth Parchment Paper & Envelopes,11,1095
1060,Southworth Structures Collection,11,1096
1061,"Speediset Carbonless Redi-Letter 7"" x 8 1/2""",11,1097
1062,Spiral Phone Message Books with Labels by Adams,11,1098
1063,Standard Line “While You Were Out” Hardbound Telephone Message Book,11,1099
1064,Staples,11,1100
1065,Strathmore Photo Frame Cards,11,1101
1066,Strathmore Photo Mount Cards,11,1102
1067,"Telephone Message Books with Fax/Mobile Section, 4 1/4"" x 6""",11,1103
1068,"Telephone Message Books with Fax/Mobile Section, 5 1/2"" x 3 3/16""",11,1104
1069,Things To Do Today Pad,11,1105
1070,Things To Do Today Spiral Book,11,1106
1071,"TOPS ""Important Message"" Pads, Canary, 4-1/4 x 5-1/2, 50 Sheets per Pad",11,1107
1072,"TOPS 4 x 6 Fluorescent Color Memo Sheets, 500 Sheets per Pack",11,1108
1073,"TOPS Carbonless Receipt Book, Four 2-3/4 x 7-1/4 Money Receipts per Page",11,1109
1074,Tops Green Bar Computer Printout Paper,11,1110
1075,"TOPS Money Receipt Book, Consecutively Numbered in Red,",11,1111
1076,"TOPS Voice Message Log Book, Flash Format",11,1112
1077,Tops White Computer Printout Paper,11,1113
1078,Tops Wirebound Message Log Books,11,1114
1079,Universal Premium White Copier/Laser Paper (20Lb. and 87 Bright),11,1115
1080,"Universal Ultra Bright White Copier/Laser Paper, 8 1/2"" x 11"", Ream",11,1116
1081,Unpadded Memo Slips,11,1117
1082,Weyerhaeuser First Choice Laser/Copy Paper (20Lb. and 88 Bright),11,1118
1083,"While You Were Out Pads, 50 per Pad, 4 x 5 1/4, Green Cycle",11,1119
1084,White Computer Printout Paper by Universal,11,1120
1085,"White Dual Perf Computer Printout Paper, 2700 Sheets, 1 Part, Heavyweight, 20 lbs., 14 7/8 x 11",11,1121
1086,White GlueTop Scratch Pads,11,1122
1087,"Wirebound Four 2-3/4 x 5 Forms per Page, 400 Sets per Book",11,1123
1088,"Wirebound Message Book, 4 per Page",11,1124
1089,"Wirebound Message Books, 2 7/8"" x 5"", 3 Forms per Page",11,1125
1090,"Wirebound Message Books, 5-1/2 x 4 Forms, 2 or 4 Forms per Page",11,1126
1091,"Wirebound Message Books, Four 2 3/4 x 5 Forms per Page, 200 Sets per Book",11,1127
1092,"Wirebound Message Books, Four 2 3/4 x 5 White Forms per Page",11,1128
1093,"Wirebound Message Books, Four 2 3/4"" x 5"" Forms per Page, 600 Sets per Book",11,1129
1094,"Wirebound Message Books, Two 4 1/4"" x 5"" Forms per Page",11,1130
1095,"Wirebound Message Forms, Four 2 3/4 x 5 Forms per Page, Pink Paper",11,1131
1096,"Wirebound Service Call Books, 5 1/2"" x 4""",11,1132
1097,Wirebound Voice Message Log Book,11,1133
1098,Xerox 188,11,1134
1099,Xerox 1880,11,1135
1100,Xerox 1881,11,1136
1101,Xerox 1882,11,1137
1102,Xerox 1883,11,1138
1103,Xerox 1884,11,1139
1104,Xerox 1885,11,1140
1105,Xerox 1886,11,1141
1106,Xerox 1887,11,1142
1107,Xerox 1888,11,1143
1108,Xerox 1889,11,1144
1109,Xerox 189,11,1145
1110,Xerox 1890,11,1146
1111,Xerox 1891,11,1147
1112,Xerox 1892,11,1148
1113,Xerox 1893,11,1149
1114,Xerox 1894,11,1150
1115,Xerox 1895,11,1151
1116,Xerox 1896,11,1152
1117,Xerox 1897,11,1153
1118,Xerox 1898,11,1154
1119,Xerox 1899,11,1155
1120,Xerox 19,11,1156
1121,Xerox 190,11,1157
1122,Xerox 1900,11,1158
1123,Xerox 1901,11,1159
1124,Xerox 1902,11,1160
1125,Xerox 1903,11,1161
1126,Xerox 1905,11,1162
1127,Xerox 1906,11,1163
1128,Xerox 1907,11,1164
1129,Xerox 1908,11,1165
1130,Xerox 1909,11,1166
1131,Xerox 191,11,1167
1132,Xerox 1910,11,1168
1133,Xerox 1911,11,1169
1134,Xerox 1912,11,1170
1135,Xerox 1913,11,1171
1136,Xerox 1914,11,1172
1137,Xerox 1915,11,1173
1138,Xerox 1916,11,1174
1139,Xerox 1917,11,1175
1140,Xerox 1918,11,1176
1141,Xerox 1919,11,1177
1142,Xerox 192,11,1178
1143,Xerox 1920,11,1179
1144,Xerox 1921,11,1180
1145,Xerox 1922,11,1181
1146,Xerox 1923,11,1182
1147,Xerox 1924,11,1183
1148,Xerox 1925,11,1184
1149,Xerox 1926,11,1185
1150,Xerox 1927,11,1186
1151,Xerox 1928,11,1187
1152,Xerox 1929,11,1188
1153,Xerox 193,11,1189
1154,Xerox 1930,11,1190
1155,Xerox 1931,11,1191
1156,Xerox 1932,11,1192
1157,Xerox 1933,11,1193
1158,Xerox 1934,11,1194
1159,Xerox 1935,11,1195
1160,Xerox 1936,11,1196
1161,Xerox 1937,11,1197
1162,Xerox 1938,11,1198
1163,Xerox 1939,11,1199
1164,Xerox 194,11,1200
1165,Xerox 1940,11,1201
1166,Xerox 1941,11,1202
1167,Xerox 1942,11,1203
1168,Xerox 1943,11,1204
1169,Xerox 1944,11,1205
1170,Xerox 1945,11,1206
1171,Xerox 1946,11,1207
1172,Xerox 1947,11,1208
1173,Xerox 1948,11,1209
1174,Xerox 1949,11,1210
1175,Xerox 195,11,1211
1176,Xerox 1950,11,1212
1177,Xerox 1951,11,1213
1178,Xerox 1952,11,1214
1179,Xerox 1953,11,1215
1180,Xerox 1954,11,1216
1181,Xerox 1955,11,1217
1182,Xerox 1956,11,1218
1183,Xerox 1957,11,1219
1184,Xerox 1958,11,1220
1185,Xerox 1959,11,1221
1186,Xerox 196,11,1222
1187,Xerox 1960,11,1223
1188,Xerox 1962,11,1224
1189,Xerox 1963,11,1225
1190,Xerox 1964,11,1226
1191,Xerox 1965,11,1227
1192,Xerox 1966,11,1228
1193,Xerox 1967,11,1229
1194,Xerox 1968,11,1230
1195,Xerox 1969,11,1231
1196,Xerox 197,11,1232
1197,Xerox 1970,11,1233
1198,Xerox 1971,11,1234
1199,Xerox 1972,11,1235
1200,Xerox 1973,11,1236
1201,Xerox 1974,11,1237
1202,Xerox 1975,11,1238
1203,Xerox 1976,11,1239
1204,Xerox 1977,11,1240
1205,Xerox 1978,11,1241
1206,Xerox 1979,11,1242
1207,Xerox 198,11,1243
1208,Xerox 1980,11,1244
1209,Xerox 1981,11,1245
1210,Xerox 1982,11,1246
1211,Xerox 1983,11,1247
1212,Xerox 1984,11,1248
1213,Xerox 1985,11,1249
1214,Xerox 1986,11,1250
1215,Xerox 1987,11,1251
1216,Xerox 1988,11,1252
1217,Xerox 1989,11,1253
1218,Xerox 199,11,1254
1219,Xerox 1990,11,1255
1220,Xerox 1991,11,1256
1221,Xerox 1992,11,1257
1222,Xerox 1993,11,1258
1223,Xerox 1994,11,1259
1224,Xerox 1995,11,1260
1225,Xerox 1996,11,1261
1226,Xerox 1997,11,1262
1227,Xerox 1998,11,1263
1228,Xerox 1999,11,1264
1229,Xerox 2,11,1265
1230,Xerox 20,11,1266
1231,Xerox 200,11,1267
1232,Xerox 2000,11,1268
1233,Xerox 201,11,1269
1234,Xerox 202,11,1270
1235,Xerox 203,11,1271
1236,Xerox 204,11,1272
1237,Xerox 205,11,1273
1238,Xerox 206,11,1274
1239,Xerox 207,11,1275
1240,Xerox 208,11,1276
1241,Xerox 209,11,1277
1242,Xerox 21,11,1278
1243,Xerox 210,11,1279
1244,Xerox 211,11,1280
1245,Xerox 212,11,1281
1246,Xerox 213,11,1282
1247,Xerox 214,11,1283
1248,Xerox 215,11,1284
1249,Xerox 216,11,1285
1250,Xerox 217,11,1286
1251,Xerox 218,11,1287
1252,Xerox 219,11,1288
1253,Xerox 22,11,1289
1254,Xerox 220,11,1290
1255,Xerox 221,11,1291
1256,Xerox 222,11,1292
1257,Xerox 223,11,1293
1258,Xerox 224,11,1294
1259,Xerox 225,11,1295
1260,Xerox 226,11,1296
1261,Xerox 227,11,1297
1262,Xerox 228,11,1298
1263,Xerox 229,11,1299
1264,Xerox 23,11,1300
1265,Xerox 230,11,1301
1266,Xerox 231,11,1302
1267,Xerox 232,11,1303
1268,Xerox 4200 Series MultiUse Premium Copy Paper (20Lb. and 84 Bright),11,1304
1269,Xerox Blank Computer Paper,11,1305
1270,"Xerox Color Copier Paper, 11"" x 17"", Ream",11,1306
1271,2300 Heavy-Duty Transfer File Systems by Perma,12,1307
1272,"24 Capacity Maxi Data Binder Racks, Pearl",12,1308
1273,Acco Perma 2700 Stacking Storage Drawers,12,1309
1274,Acco Perma 3000 Stacking Storage Drawers,12,1310
1275,Acco Perma 4000 Stacking Storage Drawers,12,1311
1276,Adjustable Depth Letter/Legal Cart,12,1312
1277,Adjustable Personal File Tote,12,1313
1278,"Advantus 10-Drawer Portable Organizer, Chrome Metal Frame, Smoke Drawers",12,1314
1279,Advantus Rolling Drawer Organizers,12,1315
1280,Advantus Rolling Storage Box,12,1316
1281,Akro Stacking Bins,12,1317
1282,Akro-Mils 12-Gallon Tote,12,1318
1283,"Belkin 19"" Center-Weighted Shelf, Gray",12,1319
1284,"Belkin 19"" Vented Equipment Shelf, Black",12,1320
1285,Belkin OmniView SE Rackmount Kit,12,1321
1286,"Carina 42""Hx23 3/4""W Media Storage Unit",12,1322
1287,Carina Double Wide Media Storage Towers in Natural & Black,12,1323
1288,Carina Media Storage Towers in Natural & Black,12,1324
1289,"Carina Mini System Audio Rack, Model AR050B",12,1325
1290,"Companion Letter/Legal File, Black",12,1326
1291,"Contico 72""H Heavy-Duty Storage System",12,1327
1292,Crate-A-Files,12,1328
1293,Decoflex Hanging Personal Folder File,12,1329
1294,"Decoflex Hanging Personal Folder File, Blue",12,1330
1295,Deluxe Rollaway Locking File with Drawer,12,1331
1296,Desktop 3-Pocket Hot File,12,1332
1297,"Dual Level, Single-Width Filing Carts",12,1333
1298,Economy Rollaway Files,12,1334
1299,"Eldon Base for stackable storage shelf, platinum",12,1335
1300,Eldon File Chest Portable File,12,1336
1301,Eldon Fold 'N Roll Cart System,12,1337
1302,Eldon Gobal File Keepers,12,1338
1303,Eldon Jumbo ProFile Portable File Boxes Graphite/Black,12,1339
1304,Eldon Mobile Mega Data Cart  Mega Stackable  Add-On Trays,12,1340
1305,Eldon Portable Mobile Manager,12,1341
1306,Eldon ProFile File 'N Store Portable File Tub Letter/Legal Size Black,12,1342
1307,Eldon Shelf Savers Cubes and Bins,12,1343
1308,Eldon Simplefile Box Office,12,1344
1309,Fellowes Bankers Box Recycled Super Stor/Drawer,12,1345
1310,Fellowes Bankers Box Staxonsteel Drawer File/Stacking System,12,1346
1311,Fellowes Bankers Box Stor/Drawer Steel Plus,12,1347
1312,Fellowes Bases and Tops For Staxonsteel/High-Stak Systems,12,1348
1313,Fellowes Desktop Hanging File Manager,12,1349
1314,Fellowes Econo/Stor Drawers,12,1350
1315,Fellowes High-Stak Drawer Files,12,1351
1316,"Fellowes Mobile File Cart, Black",12,1352
1317,Fellowes Neat Ideas Storage Cubes,12,1353
1318,Fellowes Officeware Wire Shelving,12,1354
1319,"Fellowes Personal Hanging Folder Files, Navy",12,1355
1320,Fellowes Recycled Storage Drawers,12,1356
1321,Fellowes Staxonsteel Drawer Files,12,1357
1322,Fellowes Stor/Drawer Steel Plus Storage Drawers,12,1358
1323,"Fellowes Strictly Business Drawer File, Letter/Legal Size",12,1359
1324,Fellowes Super Stor/Drawer,12,1360
1325,Fellowes Super Stor/Drawer Files,12,1361
1326,File Shuttle I and Handi-File,12,1362
1327,"File Shuttle II and Handi-File, Black",12,1363
1328,"Gould Plastics 18-Pocket Panel Bin, 34w x 5-1/4d x 20-1/2h",12,1364
1329,"Gould Plastics 9-Pocket Panel Bin, 18-3/8w x 5-1/4d x 20-1/2h, Black",12,1365
1330,Hanging Personal Folder File,12,1366
1331,Home/Office Personal File Carts,12,1367
1332,"Hot File 7-Pocket, Floor Stand",12,1368
1333,Iceberg Mobile Mega Data/Printer Cart ,12,1369
1334,"Iris 3-Drawer Stacking Bin, Black",12,1370
1335,Iris Project Case,12,1371
1336,Letter Size Cart,12,1372
1337,Letter Size File,12,1373
1338,"Letter/Legal File Tote with Clear Snap-On Lid, Black Granite",12,1374
1339,"Mini 13-1/2 Capacity Data Binder Rack, Pearl",12,1375
1340,Mobile Personal File Cube,12,1376
1341,"Multi-Use Personal File Cart and Caster Set, Three Stacking Bins",12,1377
1342,"Neat Ideas Personal Hanging Folder Files, Black",12,1378
1343,Office Impressions Heavy Duty Welded Shelving & Multimedia Storage Drawers,12,1379
1344,"Perma STOR-ALL Hanging File Box, 13 1/8""W x 12 1/4""D x 10 1/2""H",12,1380
1345,Personal File Boxes with Fold-Down Carry Handle,12,1381
1346,"Personal Filing Tote with Lid, Black/Gray",12,1382
1347,"Personal Folder Holder, Ebony",12,1383
1348,Pizazz Global Quick File,12,1384
1349,Plastic Stacking Crates & Casters,12,1385
1350,Portable Personal File Box,12,1386
1351,Portfile Personal File Boxes,12,1387
1352,Project Tote Personal File,12,1388
1353,"Recycled Data-Pak for Archival Bound Computer Printouts, 12-1/2 x 12-1/2 x 16",12,1389
1354,Recycled Eldon Regeneration Jumbo File,12,1390
1355,Recycled Steel Personal File for Hanging File Folders,12,1391
1356,Recycled Steel Personal File for Standard File Folders,12,1392
1357,Rogers Deluxe File Chest,12,1393
1358,"Rogers Jumbo File, Granite",12,1394
1359,Rogers Profile Extra Capacity Storage Tub,12,1395
1360,SAFCO Boltless Steel Shelving,12,1396
1361,Safco Commercial Shelving,12,1397
1362,"SAFCO Commercial Wire Shelving, 72h",12,1398
1363,"SAFCO Commercial Wire Shelving, Black",12,1399
1364,Safco Industrial Shelving,12,1400
1365,Safco Industrial Wire Shelving,12,1401
1366,Safco Industrial Wire Shelving System,12,1402
1367,"SAFCO Mobile Desk Side File, Wire Frame",12,1403
1368,Safco Steel Mobile File Cart,12,1404
1369,"Safco Wire Cube Shelving System, For Use as 4 or 5 14"" Cubes, Black",12,1405
1370,"Sauder Facets Collection Locker/File Cabinet, Sky Alder Finish",12,1406
1371,Sensible Storage WireTech Storage Systems,12,1407
1372,"SimpliFile Personal File, Black Granite, 15w x 6-15/16d x 11-1/4h",12,1408
1373,Smead Adjustable Mobile File Trolley with Lockable Top,12,1409
1374,"Sortfiler Multipurpose Personal File Organizer, Black",12,1410
1375,Space Solutions Commercial Steel Shelving,12,1411
1376,Space Solutions HD Industrial Steel Shelving.,12,1412
1377,Space Solutions Industrial Galvanized Steel Shelving.,12,1413
1378,Standard Rollaway File with Lock,12,1414
1379,Staples,12,1415
1380,Steel Personal Filing/Posting Tote,12,1416
1381,Sterilite Officeware Hinged File Box,12,1417
1382,Sterilite Show Offs Storage Containers,12,1418
1383,"Stur-D-Stor Shelving, Vertical 5-Shelf: 72""H x 36""W x 18 1/2""D",12,1419
1384,Super Decoflex Portable Personal File,12,1420
1385,"Tenex File Box, Personal Filing Tote with Lid, Black",12,1421
1386,"Tenex Personal Filing Tote With Secure Closure Lid, Black/Frost",12,1422
1387,"Tenex Personal Project File with Scoop Front Design, Black",12,1423
1388,"Tenex Personal Self-Stacking Standard File Box, Black/Gray",12,1424
1389,Tennsco 16-Compartment Lockers with Coat Rack,12,1425
1390,Tennsco 6- and 18-Compartment Lockers,12,1426
1391,Tennsco Commercial Shelving,12,1427
1392,Tennsco Double-Tier Lockers,12,1428
1393,Tennsco Industrial Shelving,12,1429
1394,"Tennsco Lockers, Gray",12,1430
1395,"Tennsco Lockers, Sand",12,1431
1396,Tennsco Regal Shelving Units,12,1432
1397,Tennsco Single-Tier Lockers,12,1433
1398,"Tennsco Snap-Together Open Shelving Units, Starter Sets and Add-On Units",12,1434
1399,"Tennsco Stur-D-Stor Boltless Shelving, 5 Shelves, 24"" Deep, Sand",12,1435
1400,"Trav-L-File Heavy-Duty Shuttle II, Black",12,1436
1401,Woodgrain Magazine Files by Perma,12,1437
1402,X-Rack File for Hanging Folders,12,1438
1403,Acco Side-Punched Conventional Columnar Pads,13,1439
1404,"Acme 10"" Easy Grip Assistive Scissors",13,1440
1405,Acme Box Cutter Scissors,13,1441
1406,"Acme Design Line 8"" Stainless Steel Bent Scissors w/Champagne Handles, 3-1/8"" Cut",13,1442
1407,Acme Design Stainless Steel Bent Scissors,13,1443
1408,Acme Elite Stainless Steel Scissors,13,1444
1409,Acme Forged Steel Scissors with Black Enamel Handles,13,1445
1410,Acme Galleria Hot Forged Steel Scissors with Colored Handles,13,1446
1411,"Acme Hot Forged Carbon Steel Scissors with Nickel-Plated Handles, 3 7/8"" Cut, 8""L",13,1447
1412,Acme Kleen Earth Office Shears,13,1448
1413,Acme Kleencut Forged Steel Scissors,13,1449
1414,Acme Office Executive Series Stainless Steel Trimmers,13,1450
1415,Acme Preferred Stainless Steel Scissors,13,1451
1416,Acme Rosewood Handle Letter Opener,13,1452
1417,Acme Serrated Blade Letter Opener,13,1453
1418,Acme Softgrip Scissors,13,1454
1419,Acme Stainless Steel Office Snips,13,1455
1420,Acme Tagit Stainless Steel Antibacterial Scissors,13,1456
1421,Acme Titanium Bonded Scissors,13,1457
1422,Acme Value Line Scissors,13,1458
1423,Compact Automatic Electric Letter Opener,13,1459
1424,"Elite 5"" Scissors",13,1460
1425,"Fiskars 8"" Scissors, 2/Pack",13,1461
1426,Fiskars Home & Office Scissors,13,1462
1427,Fiskars Softgrip Scissors,13,1463
1428,Fiskars Spring-Action Scissors,13,1464
1429,High Speed Automatic Electric Letter Opener,13,1465
1430,Kleencut Forged Office Shears by Acme United Corporation,13,1466
1431,Letter Slitter,13,1467
1432,Martin Yale Chadless Opener Electric Letter Opener,13,1468
1433,Martin-Yale Premier Letter Opener,13,1469
1434,Premier Automatic Letter Opener,13,1470
1435,Premier Electric Letter Opener,13,1471
1436,Serrated Blade or Curved Handle Hand Letter Openers,13,1472
1437,Staples,13,1473
1438,Stiletto Hand Letter Openers,13,1474
1439,AmazonBasics 3-Button USB Wired Mouse,14,1475
1440,Anker Ultra-Slim Mini Bluetooth 3.0 Wireless Keyboard,14,1476
1441,Anker Ultrathin Bluetooth Wireless Keyboard Aluminum Cover with Stand ,14,1477
1442,Belkin F8E887 USB Wired Ergonomic Keyboard,14,1478
1443,Belkin QODE FastFit Bluetooth Keyboard,14,1479
1444,Belkin Standard 104 key USB Keyboard,14,1480
1445,Case Logic 2.4GHz Wireless Keyboard,14,1481
1446,Cherry 142-key Programmable Keyboard,14,1482
1447,Dell Slim USB Multimedia Keyboard,14,1483
1448,Enermax Acrylux Wireless Keyboard,14,1484
1449,Enermax Aurora Lite Keyboard,14,1485
1450,Enermax Briskie RF Wireless Keyboard and Mouse Combo,14,1486
1451,First Data FD10 PIN Pad,14,1487
1452,First Data TMFD35 PIN Pad,14,1488
1453,HP Standard 104 key PS/2 Keyboard,14,1489
1454,Hypercom P1300 Pinpad,14,1490
1455,Imation Bio 2GB USB Flash Drive Imation Corp,14,1491
1456,Imation Bio 8GB USB Flash Drive Imation Corp,14,1492
1457,Imation 16GB Mini TravelDrive USB 2.0 Flash Drive,14,1493
1458,Imation 30456 USB Flash Drive 8GB,14,1494
1459,Imation 32GB Pocket Pro USB 3.0 Flash Drive - 32 GB - Black - 1 P ...,14,1495
1460,Imation 8gb Micro Traveldrive Usb 2.0 Flash Drive,14,1496
1461,Imation 8GB Mini TravelDrive USB 2.0 Flash Drive,14,1497
1462,Imation Clip USB flash drive - 8 GB,14,1498
1463,Imation Secure Drive + Hardware Encrypted USB flash drive - 16 GB,14,1499
1464,Imation Secure+ Hardware Encrypted USB 2.0 Flash Drive; 16GB,14,1500
1465,Imation Swivel Flash Drive USB flash drive - 8 GB,14,1501
1466,Imation USB 2.0 Swivel Flash Drive USB flash drive - 4 GB - Pink,14,1502
1467,Kensington Expert Mouse Optical USB Trackball for PC or Mac,14,1503
1468,Kensington K72356US Mouse-in-a-Box USB Desktop Mouse,14,1504
1469,Kensington Orbit Wireless Mobile Trackball for PC and Mac,14,1505
1470,Kensington SlimBlade Notebook Wireless Mouse with Nano Receiver ,14,1506
1471,KeyTronic 6101 Series - Keyboard - Black,14,1507
1472,KeyTronic E03601U1 - Keyboard - Beige,14,1508
1473,KeyTronic KT400U2 - Keyboard - Black,14,1509
1474,KeyTronic KT800P2 - Keyboard - Black,14,1510
1475,Kingston Digital DataTraveler 16GB USB 2.0,14,1511
1476,Kingston Digital DataTraveler 32GB USB 2.0,14,1512
1477,Kingston Digital DataTraveler 64GB USB 2.0,14,1513
1478,Kingston Digital DataTraveler 8GB USB 2.0,14,1514
1479,Lenovo 17-Key USB Numeric Keypad,14,1515
1480,Logitech 910-002974 M325 Wireless Mouse for Web Scrolling,14,1516
1481,Logitech ClearChat Comfort/USB Headset H390,14,1517
1482,Logitech Desktop MK120 Mouse and keyboard Combo,14,1518
1483,Logitech diNovo Edge Keyboard,14,1519
1484,Logitech G105 Gaming Keyboard,14,1520
1485,Logitech G13 Programmable Gameboard with LCD Display,14,1521
1486,Logitech G19 Programmable Gaming Keyboard,14,1522
1487,Logitech G35 7.1-Channel Surround Sound Headset,14,1523
1488,Logitech G430 Surround Sound Gaming Headset with Dolby 7.1 Technology,14,1524
1489,Logitech G500s Laser Gaming Mouse with Adjustable Weight Tuning,14,1525
1490,Logitech G600 MMO Gaming Mouse,14,1526
1491,Logitech G602 Wireless Gaming Mouse,14,1527
1492,Logitech G700s Rechargeable Gaming Mouse,14,1528
1493,Logitech Illuminated Ultrathin Keyboard with Backlighting,14,1529
1494,Logitech K350 2.4Ghz Wireless Keyboard,14,1530
1495,Logitech Keyboard K120,14,1531
1496,Logitech M510 Wireless Mouse,14,1532
1497,Logitech Media Keyboard K200,14,1533
1498,Logitech Trackman Marble Mouse,14,1534
1499,Logitech Wireless Anywhere Mouse MX for PC and Mac,14,1535
1500,Logitech Wireless Gaming Headset G930,14,1536
1501,Logitech Wireless Headset H600 Over-The-Head Design,14,1537
1502,Logitech Wireless Headset h800,14,1538
1503,Logitech Wireless Marathon Mouse M705,14,1539
1504,Logitech Wireless Performance Mouse MX for PC and Mac,14,1540
1505,Logitech Wireless Touch Keyboard K400,14,1541
1506,Logitech Gaming G510s - Keyboard,14,1542
1507,Logitech Illuminated - Keyboard,14,1543
1508,Logitech LS21 Speaker System - PC Multimedia - 2.1-CH - Wired,14,1544
1509,Logitech MX Performance Wireless Mouse,14,1545
1510,Logitech P710e Mobile Speakerphone,14,1546
1511,Logitech VX Revolution Cordless Laser Mouse for Notebooks (Black),14,1547
1512,"Logitech Wireless Boombox Speaker - portable - wireless, wired",14,1548
1513,Logitech Z-906 Speaker sys - home theater - 5.1-CH,14,1549
1514,Maxell 4.7GB DVD+R 5/Pack,14,1550
1515,Maxell 4.7GB DVD+RW 3/Pack,14,1551
1516,Maxell 4.7GB DVD-R,14,1552
1517,Maxell 4.7GB DVD-R 5/Pack,14,1553
1518,Maxell 4.7GB DVD-RW 3/Pack,14,1554
1519,"Maxell 74 Minute CD-R Spindle, 50/Pack",14,1555
1520,"Maxell 74 Minute CDR, 10/Pack",14,1556
1521,Maxell CD-R Discs,14,1557
1522,Maxell DVD-RAM Discs,14,1558
1523,"Maxell Pro 80 Minute CD-R, 10/Pack",14,1559
1524,Maxell iVDR EX 500GB Cartridge,14,1560
1525,Maxell LTO Ultrium - 800 GB,14,1561
1526,"Memorex 25GB 6X Branded Blu-Ray Recordable Disc, 15/Pack",14,1562
1527,"Memorex 25GB 6X Branded Blu-Ray Recordable Disc, 30/Pack",14,1563
1528,Memorex Froggy Flash Drive 4 GB,14,1564
1529,Memorex Froggy Flash Drive 8 GB,14,1565
1530,Memorex Micro Travel Drive 16 GB,14,1566
1531,Memorex Micro Travel Drive 32 GB,14,1567
1532,Memorex Micro Travel Drive 4 GB,14,1568
1533,Memorex Micro Travel Drive 8 GB,14,1569
1534,Memorex Mini Travel Drive 16 GB USB 2.0 Flash Drive,14,1570
1535,Memorex Mini Travel Drive 32 GB USB 2.0 Flash Drive,14,1571
1536,Memorex Mini Travel Drive 4 GB USB 2.0 Flash Drive,14,1572
1537,Memorex Mini Travel Drive 64 GB USB 2.0 Flash Drive,14,1573
1538,Memorex Mini Travel Drive 8 GB USB 2.0 Flash Drive,14,1574
1539,Micro Innovations USB RF Wireless Keyboard with Mouse,14,1575
1540,Micro Innovations Wireless Classic Keyboard with Mouse,14,1576
1541,Micropad Numeric Keypads,14,1577
1542,Microsoft Arc Touch Mouse,14,1578
1543,Microsoft Natural Ergonomic Keyboard 4000,14,1579
1544,Microsoft Natural Keyboard Elite,14,1580
1545,Microsoft Sculpt Comfort Mouse,14,1581
1546,Microsoft Wireless Mobile Mouse 4000,14,1582
1547,NETGEAR AC1750 Dual Band Gigabit Smart WiFi Router,14,1583
1548,NETGEAR N750 Dual Band Wi-Fi Gigabit Router,14,1584
1549,NETGEAR RangeMax WNR1000 Wireless Router,14,1585
1550,"Perixx PERIBOARD-512B, Ergonomic Split Keyboard",14,1586
1551,Plantronics Audio 478 Stereo USB Headset,14,1587
1552,Plantronics Audio 995 Wireless Stereo Headset,14,1588
1553,Plantronics CS510 - Over-the-Head monaural Wireless Headset System,14,1589
1554,Plantronics S12 Corded Telephone Headset System,14,1590
1555,Plantronics Savi W720 Multi-Device Wireless Headset System,14,1591
1556,Razer Kraken 7.1 Surround Sound Over Ear USB Gaming Headset,14,1592
1557,Razer Kraken PRO Over Ear PC and Music Headset,14,1593
1558,Razer Tiamat Over Ear 7.1 Surround Sound PC Gaming Headset,14,1594
1559,Rosewill 107 Normal Keys USB Wired Standard Keyboard,14,1595
1560,Sabrent 4-Port USB 2.0 Hub,14,1596
1561,SanDisk Cruzer 16 GB USB Flash Drive,14,1597
1562,SanDisk Cruzer 32 GB USB Flash Drive,14,1598
1563,SanDisk Cruzer 4 GB USB Flash Drive,14,1599
1564,SanDisk Cruzer 64 GB USB Flash Drive,14,1600
1565,SanDisk Cruzer 8 GB USB Flash Drive,14,1601
1566,SanDisk Ultra 16 GB MicroSDHC Class 10 Memory Card,14,1602
1567,SanDisk Ultra 32 GB MicroSDHC Class 10 Memory Card,14,1603
1568,SanDisk Ultra 64 GB MicroSDHC Class 10 Memory Card,14,1604
1569,Sony 16GB Class 10 Micro SDHC R40 Memory Card,14,1605
1570,Sony 32GB Class 10 Micro SDHC R40 Memory Card,14,1606
1571,Sony 64GB Class 10 Micro SDHC R40 Memory Card,14,1607
1572,Sony 8GB Class 10 Micro SDHC R40 Memory Card,14,1608
1573,Sony Micro Vault Click 16 GB USB 2.0 Flash Drive,14,1609
1574,Sony Micro Vault Click 4 GB USB 2.0 Flash Drive,14,1610
1575,Sony Micro Vault Click 8 GB USB 2.0 Flash Drive,14,1611
1576,"TRENDnet 56K USB 2.0 Phone, Internet and Fax Modem",14,1612
1577,V7 USB Numeric Keypad,14,1613
1578,"Verbatim 25 GB 6x Blu-ray Single Layer Recordable Disc, 1/Pack",14,1614
1579,"Verbatim 25 GB 6x Blu-ray Single Layer Recordable Disc, 10/Pack",14,1615
1580,"Verbatim 25 GB 6x Blu-ray Single Layer Recordable Disc, 25/Pack",14,1616
1581,"Verbatim 25 GB 6x Blu-ray Single Layer Recordable Disc, 3/Pack",14,1617
1582,"Verbatim Slim CD and DVD Storage Cases, 50/Pack",14,1618
1583,WD My Passport Ultra 1TB Portable External Hard Drive,14,1619
1584,WD My Passport Ultra 2TB Portable External Hard Drive,14,1620
1585,WD My Passport Ultra 500GB Portable External Hard Drive,14,1621
1586,Brother DCP1000 Digital 3 in 1 Multifunction Machine,15,1622
1587,Canon Image Class D660 Copier,15,1623
1588,Canon imageCLASS 2200 Advanced Copier,15,1624
1589,Canon Imageclass D680 Copier / Fax,15,1625
1590,Canon PC1060 Personal Laser Copier,15,1626
1591,Canon PC1080F Personal Copier,15,1627
1592,Canon PC-428 Personal Copier,15,1628
1593,Canon PC940 Copier,15,1629
1594,Hewlett Packard 310 Color Digital Copier,15,1630
1595,Hewlett Packard 610 Color Digital Copier / Printer,15,1631
1596,Hewlett Packard LaserJet 3310 Copier,15,1632
1597,Sharp 1540cs Digital Laser Copier,15,1633
1598,Sharp AL-1530CS Digital Copier,15,1634
1599,"3D Systems Cube Printer, 2nd Generation, Magenta",16,1635
1600,"3D Systems Cube Printer, 2nd Generation, White",16,1636
1601,Ativa MDM8000 8-Sheet Micro-Cut Shredder,16,1637
1602,Ativa V4110MDD Micro-Cut Shredder,16,1638
1603,Bady BDG101FRU Card Printer,16,1639
1604,"Brother MFC-9340CDW LED All-In-One Printer, Copier Scanner",16,1640
1605,"Canon Color ImageCLASS MF8580Cdw Wireless Laser All-In-One Printer, Copier, Scanner",16,1641
1606,Canon imageCLASS MF7460 Monochrome Digital Laser Multifunction Copier,16,1642
1607,Canon PC170 Desktop Personal Copier,16,1643
1608,Cisco 8961 IP Phone Charcoal,16,1644
1609,Cisco 9971 IP Video Phone Charcoal,16,1645
1610,Cisco CP-7937G Unified IP Conference Station Phone,16,1646
1611,Cisco Desktop Collaboration Experience DX650 IP Video Phone,16,1647
1612,Cisco SPA525G2 5-Line IP Phone,16,1648
1613,Cisco TelePresence System EX90 Videoconferencing Unit,16,1649
1614,Cubify CubeX 3D Printer Double Head Print,16,1650
1615,Cubify CubeX 3D Printer Triple Head Print,16,1651
1616,DYMO CardScan Personal V9 Business Card Scanner,16,1652
1617,Epson Perfection V600 Photo Scanner,16,1653
1618,Epson TM-T88V Direct Thermal Printer - Monochrome - Desktop,16,1654
1619,"Epson WorkForce WF-2530 All-in-One Printer, Copier Scanner",16,1655
1620,Fellowes Powershred HS-440 4-Sheet High Security Shredder,16,1656
1621,Hewlett-Packard 300S Scientific Calculator,16,1657
1622,Hewlett-Packard Deskjet 3050a All-in-One Color Inkjet Printer,16,1658
1623,Hewlett-Packard Deskjet 5550 Printer,16,1659
1624,Hewlett-Packard Deskjet 6540 Color Inkjet Printer,16,1660
1625,Hewlett-Packard Deskjet D4360 Printer,16,1661
1626,Hewlett-Packard Deskjet F4180 All-in-One Color Ink-jet - Printer / copier / scanner,16,1662
1627,Hewlett-Packard Desktjet 6988DT Refurbished Printer,16,1663
1628,"HP Designjet T520 Inkjet Large Format Printer - 24"" Color",16,1664
1629,"HP Officejet Pro 8600 e-All-In-One Printer, Copier, Scanner, Fax",16,1665
1630,I.R.I.S IRISCard Anywhere 5 Card Scanner,16,1666
1631,Konica Minolta magicolor 1690MF Multifunction Printer,16,1667
1632,Lexmark 20R1285 X6650 Wireless All-in-One Printer,16,1668
1633,Lexmark MarkNet N8150 Wireless Print Server,16,1669
1634,Lexmark MX611dhe Monochrome Laser Printer,16,1670
1635,Lexmark S315 Color Inkjet Printer,16,1671
1636,Lexmark X 9575 Professional All-in-One Color Printer,16,1672
1637,NeatDesk Desktop Scanner & Digital Filing System,16,1673
1638,Okidata B400 Printer,16,1674
1639,Okidata B401 Printer,16,1675
1640,Okidata C331dn Printer,16,1676
1641,Okidata C610n Printer,16,1677
1642,Okidata MB491 Multifunction Printer,16,1678
1643,Okidata MB760 Printer,16,1679
1644,Panasonic KX MB2061 Multifunction Printer,16,1680
1645,Panasonic KX MC6040 Color Laser Multifunction Printer,16,1681
1646,Penpower WorldCard Pro Card Scanner,16,1682
1647,Plantronics Single Ear Headset,16,1683
1648,Ricoh - Ink Collector Unit for GX3000 Series Printers,16,1684
1649,Socket Bluetooth Cordless Hand Scanner (CHS),16,1685
1650,Star Micronics TSP100 TSP143LAN Receipt Printer,16,1686
1651,Star Micronics TSP800 TSP847IIU Receipt Printer,16,1687
1652,StarTech.com 10/100 VDSL2 Ethernet Extender Kit,16,1688
1653,Swingline SM12-08 MicroCut Jam Free Shredder,16,1689
1654,Texas Instrument TI-15 Fraction Calculator,16,1690
1655,Texas Instruments TI-34 Scientific Calculator,16,1691
1656,"Vtech AT&T CL2940 Corded Speakerphone, Black",16,1692
1657,Wasp CCD Handheld Bar Code Reader,16,1693
1658,Xerox WorkCentre 6505DN Laser Multifunction Printer,16,1694
1659,Zebra GK420t Direct Thermal/Thermal Transfer Printer,16,1695
1660,Zebra GX420t Direct Thermal/Thermal Transfer Printer,16,1696
1661,Zebra ZM400 Thermal Label Printer,16,1697
1662,Aastra 57i VoIP phone,17,1698
1663,Aastra 6757i CT Wireless VoIP phone,17,1699
1664,Adtran 1202752G1,17,1700
1665,Anker 24W Portable Micro USB Car Charger,17,1701
1666,Anker 36W 4-Port USB Wall Charger Travel Power Adapter for iPhone 5s 5c 5,17,1702
1667,Anker Astro 15000mAh USB Portable Charger,17,1703
1668,Anker Astro Mini 3000mAh Ultra-Compact Portable Charger,17,1704
1669,Apple EarPods with Remote and Mic,17,1705
1670,Apple iPhone 5,17,1706
1671,Apple iPhone 5C,17,1707
1672,Apple iPhone 5S,17,1708
1673,ARKON Windshield Dashboard Air Vent Car Mount Holder,17,1709
1674,AT&T 1070 Corded Phone,17,1710
1675,AT&T 1080 Corded phone,17,1711
1676,AT&T 1080 Phone,17,1712
1677,AT&T 17929 Lendline Telephone,17,1713
1678,AT&T 841000 Phone,17,1714
1679,AT&T CL2909,17,1715
1680,AT&T CL82213,17,1716
1681,AT&T CL83451 4-Handset Telephone,17,1717
1682,AT&T EL51110 DECT,17,1718
1683,AT&T SB67148 SynJ,17,1719
1684,AT&T TR1909W,17,1720
1685,"Ativa D5772 2-Line 5.8GHz Digital Expandable Corded/Cordless Phone System with Answering & Caller ID/Call Waiting, Black/Silver",17,1721
1686,Avaya 4621SW VoIP phone,17,1722
1687,Avaya 5410 Digital phone,17,1723
1688,Avaya 5420 Digital phone,17,1724
1689,Avaya IP Phone 1140E VoIP phone,17,1725
1690,Belkin Grip Candy Sheer Case / Cover for iPhone 5 and 5S,17,1726
1691,Belkin iPhone and iPad Lightning Cable,17,1727
1692,"Belkin SportFit Armband For iPhone 5s/5c, Fuchsia",17,1728
1693,BlackBerry Q10,17,1729
1694,Blue Parrot B250XT Professional Grade Wireless Bluetooth Headset with,17,1730
1695,"BlueLounge Milo Smartphone Stand, White/Metallic",17,1731
1696,Bose SoundLink Bluetooth Speaker,17,1732
1697,Cisco 8x8 Inc. 6753i IP Business Phone System,17,1733
1698,Cisco IP Phone 7961G-GE VoIP phone,17,1734
1699,Cisco IP Phone 7961G VoIP phone - Dark gray,17,1735
1700,Cisco Small Business SPA 502G VoIP phone,17,1736
1701,Cisco SPA 501G IP Phone,17,1737
1702,Cisco SPA 502G IP Phone,17,1738
1703,Cisco SPA112 2 Port Phone Adapter,17,1739
1704,Cisco SPA301,17,1740
1705,Cisco SPA508G,17,1741
1706,Cisco SPA525G2 IP Phone - Wireless,17,1742
1707,Cisco Unified IP Phone 7945G VoIP phone,17,1743
1708,Clarity 53712,17,1744
1709,Classic Ivory Antique Telephone ZL1810,17,1745
1710,ClearOne CHATAttach 160 - speaker phone,17,1746
1711,ClearOne Communications CHAT 70 OC Speaker Phone,17,1747
1712,Clearsounds A400,17,1748
1713,ClearSounds CSC500 Amplified Spirit Phone Corded phone,17,1749
1714,Cush Cases Heavy Duty Rugged Cover Case for Samsung Galaxy S5 - Purple,17,1750
1715,Cyber Acoustics AC-202b Speech Recognition Stereo Headset,17,1751
1716,Dexim XPower Skin Super-Thin Power Case for iPhone 5 - Black,17,1752
1717,Digium D40 VoIP phone,17,1753
1718,GE 2-Jack Phone Line Splitter,17,1754
1719,GE 30522EE2,17,1755
1720,GE 30524EE4,17,1756
1721,GE DSL Phone Line Filter,17,1757
1722,Gear Head AU3700S Headset,17,1758
1723,Geemarc AmpliPOWER60,17,1759
1724,Google Nexus 5,17,1760
1725,Grandstream GXP1160 VoIP phone,17,1761
1726,Grandstream GXP2100 Mainstream Business Phone,17,1762
1727,Griffin GC17055 Auxiliary Audio Cable,17,1763
1728,Griffin GC36547 PowerJolt SE Lightning Charger,17,1764
1729,HTC One,17,1765
1730,HTC One Mini,17,1766
1731,I Need's 3d Hello Kitty Hybrid Silicone Case Cover for HTC One X 4g with 3d Hello Kitty Stylus Pen Green/pink,17,1767
1732,i.Sound Portable Power - 8000 mAh,17,1768
1733,iHome FM Clock Radio with Lightning Dock,17,1769
1734,"iKross Bluetooth Portable Keyboard + Cell Phone Stand Holder + Brush for Apple iPhone 5S 5C 5, 4S 4",17,1770
1735,Innergie mMini Combo Duo USB Travel Charging Kit,17,1771
1736,invisibleSHIELD by ZAGG Smudge-Free Screen Protector,17,1772
1737,iOttie HLCRIO102 Car Mount,17,1773
1738,iOttie XL Car Mount,17,1774
1739,Jabra BIZ 2300 Duo QD Duo Corded Headset,17,1775
1740,Jabra SPEAK 410,17,1776
1741,Jabra SPEAK 410 Multidevice Speakerphone,17,1777
1742,Jabra Supreme Plus Driver Edition Headset,17,1778
1743,Jackery Bar Premium Fast-charging Portable Charger,17,1779
1744,Jawbone JAMBOX Wireless Bluetooth Speaker,17,1780
1745,Jawbone MINI JAMBOX Wireless Bluetooth Speaker,17,1781
1746,JBL Micro Wireless Portable Bluetooth Speaker,17,1782
1747,Jensen SMPS-640 - speaker phone,17,1783
1748,KLD Oscar II Style Snap-on Ultra Thin Side Flip Synthetic Leather Cover Case for HTC One HTC M7,17,1784
1749,Konftel 250 Conference phone - Charcoal black,17,1785
1750,"LF Elite 3D Dazzle Designer Hard Case Cover, Lf Stylus Pen and Wiper For Apple Iphone 5c Mini Lite",17,1786
1751,LG Electronics Tone+ HBS-730 Bluetooth Headset,17,1787
1752,LG Exalt,17,1788
1753,LG G2,17,1789
1754,LG G3,17,1790
1755,"Logitech B530 USB Headset - headset - Full size, Binaural",17,1791
1756,Logitech Mobile Speakerphone P710e - speaker phone,17,1792
1757,Lunatik TT5L-002 Taktik Strike Impact Protection System for iPhone 5,17,1793
1758,Macally Suction Cup Mount,17,1794
1759,Mediabridge Sport Armband iPhone 5s,17,1795
1760,Mitel 5320 IP Phone VoIP phone,17,1796
1761,Mitel MiVoice 5330e IP Phone,17,1797
1762,Mophie Juice Pack Helium for iPhone,17,1798
1763,Motorla HX550 Universal Bluetooth Headset,17,1799
1764,Motorola Droid Maxx,17,1800
1765,Motorola HK250 Universal Bluetooth Headset,17,1801
1766,Motorola L703CM,17,1802
1767,Motorola L804,17,1803
1768,Motorola Moto X,17,1804
1769,netTALK DUO VoIP Telephone Service,17,1805
1770,Nokia Lumia 1020,17,1806
1771,Nokia Lumia 521 (T-Mobile),17,1807
1772,Nokia Lumia 925,17,1808
1773,Nortel Business Series Terminal T7208 Digital phone,17,1809
1774,Nortel Meridian M3904 Professional Digital phone,17,1810
1775,Nortel Meridian M5316 Digital phone,17,1811
1776,Nortel Networks T7316 E Nt8 B27,17,1812
1777,Ooma Telo VoIP Home Phone System,17,1813
1778,OtterBox Commuter Series Case - iPhone 5 & 5s,17,1814
1779,OtterBox Commuter Series Case - Samsung Galaxy S4,17,1815
1780,OtterBox Defender Series Case - iPhone 5c,17,1816
1781,OtterBox Defender Series Case - Samsung Galaxy S4,17,1817
1782,Panasonic Business Telephones KX-T7736,17,1818
1783,Panasonic KX - TS880B Telephone,17,1819
1784,Panasonic KX T7731-B Digital phone,17,1820
1785,Panasonic KX T7736-B Digital phone,17,1821
1786,Panasonic KX TS208W Corded phone,17,1822
1787,Panasonic KX TS3282B Corded phone,17,1823
1788,Panasonic KX TS3282W Corded phone,17,1824
1789,Panasonic KX-TG6844B Expandable Digital Cordless Telephone,17,1825
1790,Panasonic KX-TG9471B,17,1826
1791,Panasonic KX-TG9541B DECT 6.0 Digital 2-Line Expandable Cordless Phone With Digital Answering System,17,1827
1792,Panasonic Kx-TS550,17,1828
1793,PayAnywhere Card Reader,17,1829
1794,Plantronics 81402,17,1830
1795,Plantronics Calisto P620-M USB Wireless Speakerphone System,17,1831
1796,Plantronics Cordless Phone Headset with In-line Volume - M214C,17,1832
1797,"Plantronics CS 50-USB - headset - Convertible, Monaural",17,1833
1798,Plantronics Encore H101 Dual Earpieces Headset,17,1834
1799,Plantronics HL10 Handset Lifter,17,1835
1800,Plantronics MX500i Earset,17,1836
1801,Plantronics Voyager Pro HD - Bluetooth Headset,17,1837
1802,Plantronics Voyager Pro Legend,17,1838
1803,PNY Rapid USB Car Charger - Black,17,1839
1804,Polycom CX300 Desktop Phone USB VoIP phone,17,1840
1805,Polycom CX600 IP Phone VoIP phone,17,1841
1806,Polycom SoundPoint IP 450 VoIP phone,17,1842
1807,Polycom SoundPoint Pro SE-225 Corded phone,17,1843
1808,Polycom SoundStation2 EX Conference phone,17,1844
1809,Polycom VoiceStation 500 Conference phone,17,1845
1810,Polycom VVX 310 VoIP phone,17,1846
1811,PowerGen Dual USB Car Charger,17,1847
1812,PureGear Roll-On Screen Protector,17,1848
1813,Pyle PMP37LED,17,1849
1814,Pyle PRT45 Retro Home Telephone,17,1850
1815,QVS USB Car Charger 2-Port 2.1Amp for iPod/iPhone/iPad/iPad 2/iPad 3,17,1851
1816,RCA H5401RE1 DECT 6.0 4-Line Cordless Handset With Caller ID/Call Waiting,17,1852
1817,RCA ViSYS 25423RE1 Corded phone,17,1853
1818,RCA ViSYS 25425RE1 Corded phone,17,1854
1819,RCA ViSYS 25825 Wireless digital phone,17,1855
1820,RCA Visys Integrated PBX 8-Line Router,17,1856
1821,Samsung Convoy 3,17,1857
1822,Samsung Galaxy Mega 6.3,17,1858
1823,Samsung Galaxy Note 2,17,1859
1824,Samsung Galaxy Note 3,17,1860
1825,Samsung Galaxy S III - 16GB - pebble blue (T-Mobile),17,1861
1826,Samsung Galaxy S4,17,1862
1827,Samsung Galaxy S4 Active,17,1863
1828,Samsung Galaxy S4 Mini,17,1864
1829,Samsung HM1900 Bluetooth Headset,17,1865
1830,Samsung Replacement EH64AVFWE Premium Headset,17,1866
1831,Samsung Rugby III,17,1867
1832,Sannysis Cute Owl Design Soft Skin Case Cover for Samsung Galaxy S4,17,1868
1833,Seidio BD2-HK3IPH5-BK DILEX Case and Holster Combo for Apple iPhone 5/5s - Black,17,1869
1834,Shocksock Galaxy S4 Armband,17,1870
1835,ShoreTel ShorePhone IP 230 VoIP phone,17,1871
1836,"SKILCRAFT Telephone Shoulder Rest, 2"" x 6.5"" x 2.5"", Black",17,1872
1837,"SmartStand Mobile Device Holder, Assorted Colors",17,1873
1838,Speck Products Candyshell Flip Case,17,1874
1839,Spigen Samsung Galaxy S5 Case Wallet,17,1875
1840,Square Credit Card Reader,17,1876
1841,"Square Credit Card Reader, 4 1/2"" x 4 1/2"" x 1"", White",17,1877
1842,Toshiba IPT2010-SD IP Telephone,17,1878
1843,Vtech CS6719,17,1879
1844,VTech DS6151,17,1880
1845,Wi-Ex zBoost YX540 Cellular Phone Signal Booster,17,1881
1846,Wilson Electronics DB Pro Signal Booster,17,1882
1847,Wilson SignalBoost 841262 DB PRO Amplifier Kit,17,1883
1848,Wireless Extenders zBoost YX545 SOHO Signal Booster,17,1884
1849,Xblue XB-1670-86 X16 Small Office Telephone - Titanium,17,1885
1850,Xiaomi Mi3,17,1886
