ID,Name,Job,Salary
1,Bob Park,Analyst,143000
2,Cezar Sandu,Data Scientist,150000
3,Charles Ingvar,HR Manager,100000
4,Cindy Crawford,BI Developer,158000
5,Clark Kent,Analyst,152000
6,David Letterman,Data Scientist,155000
ID,Name,Job,Salary
7,Ira Baumel,HR Manager,192000
8,Jacques Clouseau,BI Developer,191000
9,James Bond,Analyst,181000
10,Jerry Tessel,Data Scientist,108000
11,Laxman Prasad,HR Manager,132000
ID,Name,Job,Salary
12,David Emmett,BI Developer,173000
13,Bob Park,Analyst,195000
14,Cezar Sandu,Data Scientist,124000
15,Charles Ingvar,HR Manager,143000
16,Cindy Crawford,BI Developer,189000
